x0,y0,x2,y1,x4,y2,x6,y3,x8,y4,x10,y5,x12,y6,x14,y7,x16,y8,x18,y9,x20,y10,x22,y11,x24,y12,x26,y13,x28,y14,x30,y15,x32,y16,x34,y17,x36,y18,x38,y19,x40,y20,label
0.0,0.0,-0.03905,-0.01192,-0.0725,-0.0645,-0.08569,-0.1194,-0.08201,-0.16389,-0.04782,-0.14821,-0.05759,-0.17107,-0.05763,-0.11737,-0.05379,-0.08398,-0.0086,-0.14815,-0.0209,-0.15604,-0.0243,-0.09583,-0.02056,-0.06882,0.02641,-0.13257,0.01494,-0.13603,0.00863,-0.08086,0.01109,-0.05548,0.05832,-0.1098,0.04571,-0.10424,0.03723,-0.06482,0.03801,-0.04691,10
0.0,0.0,-0.04331,-0.01388,-0.07812,-0.07714,-0.08687,-0.14106,-0.07158,-0.18747,-0.04628,-0.15602,-0.04584,-0.1909,-0.04852,-0.13023,-0.04611,-0.10014,-0.01155,-0.15276,-0.0133,-0.18409,-0.02075,-0.11863,-0.01834,-0.09437,0.02061,-0.13992,0.01946,-0.16447,0.00855,-0.10249,0.00838,-0.07993,0.0527,-0.12084,0.04581,-0.14007,0.03405,-0.09417,0.03221,-0.07491,10
0.0,0.0,-0.04883,-0.01152,-0.08885,-0.07901,-0.09934,-0.15091,-0.08596,-0.20292,-0.06148,-0.15086,-0.06154,-0.19377,-0.06246,-0.1372,-0.0592,-0.10454,-0.0262,-0.1515,-0.03014,-0.18705,-0.03458,-0.12241,-0.0295,-0.09803,0.00773,-0.1425,0.00493,-0.17257,-0.00329,-0.10808,-0.00109,-0.08376,0.04195,-0.12732,0.03446,-0.14949,0.02461,-0.10076,0.02437,-0.07979,10
0.0,0.0,-0.04562,0.00026,-0.09389,-0.06869,-0.10483,-0.14549,-0.09833,-0.19805,-0.07246,-0.15491,-0.08124,-0.19381,-0.0952,-0.15258,-0.10374,-0.12745,-0.03054,-0.15739,-0.04126,-0.18832,-0.04881,-0.11953,-0.04426,-0.09196,0.0086,-0.14464,-0.00129,-0.17194,-0.01242,-0.10405,-0.01024,-0.07416,0.04633,-0.12597,0.0298,-0.14519,0.01808,-0.09526,0.01947,-0.07076,10
0.0,0.0,-0.04597,-0.00459,-0.0899,-0.0731,-0.09975,-0.14698,-0.09719,-0.19787,-0.07337,-0.15291,-0.08242,-0.19466,-0.09223,-0.15157,-0.10016,-0.12505,-0.0332,-0.15484,-0.04158,-0.19161,-0.04759,-0.12467,-0.04489,-0.09826,0.00591,-0.14262,-0.00205,-0.17415,-0.01129,-0.1071,-0.00995,-0.07978,0.04387,-0.12297,0.03086,-0.14607,0.01926,-0.09687,0.01866,-0.07371,10
0.0,0.0,-0.04432,-0.00672,-0.08989,-0.06829,-0.10092,-0.14024,-0.09062,-0.19561,-0.07395,-0.15089,-0.09294,-0.19274,-0.11765,-0.19653,-0.13657,-0.20159,-0.03419,-0.15578,-0.04521,-0.19149,-0.05196,-0.12937,-0.04845,-0.10264,0.00415,-0.1453,-0.00536,-0.17754,-0.01573,-0.11118,-0.01284,-0.08137,0.04241,-0.12624,0.02633,-0.14731,0.01473,-0.09889,0.01672,-0.07389,10
0.0,0.0,-0.04586,-0.00258,-0.09265,-0.0679,-0.10226,-0.14274,-0.09053,-0.19758,-0.07733,-0.15037,-0.08651,-0.19553,-0.10078,-0.1788,-0.11358,-0.1707,-0.03812,-0.1551,-0.04586,-0.1939,-0.05159,-0.12971,-0.05051,-0.10554,0.00023,-0.14618,-0.00696,-0.17981,-0.01495,-0.11202,-0.01372,-0.08603,0.0389,-0.12972,0.0248,-0.15027,0.01547,-0.0998,0.01644,-0.0781,10
0.0,0.0,-0.04266,-0.0118,-0.08771,-0.0762,-0.09881,-0.14712,-0.07777,-0.20081,-0.0703,-0.15264,-0.09549,-0.19399,-0.12289,-0.20681,-0.14247,-0.2177,-0.03266,-0.15857,-0.04714,-0.20274,-0.05195,-0.13726,-0.04564,-0.1051,0.00522,-0.14847,-0.00853,-0.19112,-0.01712,-0.12217,-0.01127,-0.09042,0.04444,-0.13047,0.02526,-0.15725,0.01508,-0.10795,0.01957,-0.0821,10
0.0,0.0,-0.04811,-0.01743,-0.09039,-0.08285,-0.10006,-0.15351,-0.07963,-0.20334,-0.06421,-0.16252,-0.07303,-0.20645,-0.07471,-0.14897,-0.06936,-0.11938,-0.02882,-0.16184,-0.03683,-0.20454,-0.04421,-0.13431,-0.03741,-0.10969,0.00626,-0.15071,-0.00118,-0.18917,-0.01259,-0.11958,-0.00818,-0.09374,0.04269,-0.1328,0.02814,-0.16207,0.01643,-0.1132,0.01879,-0.09051,10
0.0,0.0,-0.04773,-0.01782,-0.09299,-0.08251,-0.10353,-0.15257,-0.08129,-0.20343,-0.06331,-0.16262,-0.07655,-0.20666,-0.08262,-0.15535,-0.08147,-0.12458,-0.02691,-0.16336,-0.04008,-0.20647,-0.04825,-0.13862,-0.04126,-0.11067,0.0094,-0.15248,-0.00367,-0.19236,-0.01557,-0.12363,-0.01078,-0.09447,0.04691,-0.13374,0.02766,-0.1644,0.01439,-0.1161,0.01681,-0.09053,10
0.0,0.0,-0.04516,-0.01392,-0.09002,-0.07674,-0.10426,-0.14341,-0.08429,-0.1935,-0.06622,-0.16061,-0.07752,-0.20109,-0.08301,-0.15203,-0.08404,-0.13275,-0.02807,-0.16177,-0.03842,-0.2024,-0.04475,-0.12834,-0.03906,-0.10914,0.00941,-0.15044,-0.00016,-0.18688,-0.01095,-0.11403,-0.00749,-0.09337,0.0473,-0.13162,0.03207,-0.15749,0.01948,-0.10685,0.02036,-0.08744,10
0.0,0.0,-0.04625,-0.01328,-0.09053,-0.07747,-0.10157,-0.14691,-0.07916,-0.19682,-0.06313,-0.16094,-0.07394,-0.20128,-0.07394,-0.14618,-0.07012,-0.11787,-0.02644,-0.16166,-0.03709,-0.20036,-0.04259,-0.1302,-0.03655,-0.10598,0.00974,-0.15009,-0.00024,-0.18749,-0.01113,-0.11712,-0.00787,-0.09111,0.04649,-0.13083,0.03046,-0.15799,0.01776,-0.10826,0.01824,-0.08452,10
0.0,0.0,-0.04605,-0.01526,-0.0905,-0.07983,-0.10205,-0.149,-0.0779,-0.19643,-0.06261,-0.16002,-0.07392,-0.20288,-0.07322,-0.14541,-0.06723,-0.11753,-0.02631,-0.16108,-0.03587,-0.2027,-0.04133,-0.13364,-0.03516,-0.10986,0.00948,-0.15113,0.00054,-0.18767,-0.00971,-0.11995,-0.00667,-0.09604,0.04646,-0.13376,0.03126,-0.16099,0.01873,-0.11276,0.01854,-0.08999,10
0.0,0.0,-0.04711,-0.01438,-0.09235,-0.08078,-0.10323,-0.1509,-0.07782,-0.19773,-0.06257,-0.16081,-0.07479,-0.20365,-0.07454,-0.14554,-0.06863,-0.11776,-0.02609,-0.16196,-0.03751,-0.2024,-0.04343,-0.13199,-0.03582,-0.11015,0.00967,-0.15213,-0.00106,-0.18861,-0.01164,-0.11918,-0.00694,-0.09734,0.04691,-0.135,0.02982,-0.16131,0.01774,-0.11251,0.01986,-0.09184,10
0.0,0.0,-0.04551,-0.01677,-0.08968,-0.08199,-0.1035,-0.15042,-0.0811,-0.19816,-0.05876,-0.16383,-0.06778,-0.2088,-0.07133,-0.15277,-0.06732,-0.12026,-0.02309,-0.16442,-0.03234,-0.20723,-0.04236,-0.13856,-0.03673,-0.10965,0.01232,-0.15389,0.00198,-0.19068,-0.01151,-0.12339,-0.00805,-0.09473,0.04924,-0.13582,0.03142,-0.16341,0.0174,-0.11532,0.01796,-0.08918,10
0.0,0.0,-0.04543,-0.01499,-0.09007,-0.0804,-0.09985,-0.15214,-0.07465,-0.20177,-0.06444,-0.15778,-0.07466,-0.20561,-0.07981,-0.15814,-0.07942,-0.12847,-0.02645,-0.16075,-0.03479,-0.2051,-0.04322,-0.1349,-0.03897,-0.107,0.01115,-0.15073,0.00241,-0.18911,-0.0102,-0.1202,-0.00827,-0.09292,0.04935,-0.13233,0.03342,-0.15873,0.01971,-0.11015,0.01935,-0.08618,10
0.0,0.0,-0.04564,-0.01806,-0.08912,-0.08223,-0.09908,-0.15173,-0.07291,-0.2013,-0.06047,-0.16557,-0.07181,-0.20695,-0.07305,-0.15124,-0.06913,-0.11792,-0.02344,-0.16617,-0.03419,-0.20683,-0.04173,-0.13585,-0.03592,-0.10623,0.01304,-0.15401,0.00188,-0.19036,-0.01019,-0.12043,-0.00646,-0.09164,0.05032,-0.13365,0.03169,-0.15918,0.01829,-0.11092,0.01977,-0.08662,10
0.0,0.0,-0.04765,-0.01544,-0.09429,-0.08054,-0.1063,-0.15227,-0.08044,-0.20167,-0.0672,-0.15925,-0.0816,-0.20303,-0.08227,-0.15111,-0.07546,-0.12262,-0.03088,-0.16309,-0.04487,-0.20931,-0.05124,-0.13775,-0.04197,-0.11164,0.0058,-0.15451,-0.00859,-0.19684,-0.01976,-0.12485,-0.01328,-0.0988,0.04477,-0.13731,0.02306,-0.16621,0.01093,-0.11515,0.01501,-0.09112,10
0.0,0.0,-0.04725,-0.01675,-0.09281,-0.08146,-0.10264,-0.15288,-0.07373,-0.20282,-0.06499,-0.16219,-0.08069,-0.20625,-0.08072,-0.15042,-0.07477,-0.11851,-0.02815,-0.16458,-0.04285,-0.20797,-0.04909,-0.13679,-0.04106,-0.10839,0.00866,-0.15435,-0.00676,-0.19666,-0.01718,-0.12407,-0.01093,-0.0944,0.04731,-0.13585,0.02535,-0.16572,0.01328,-0.11513,0.0173,-0.08875,10
0.0,0.0,-0.04558,-0.01855,-0.0895,-0.0826,-0.09951,-0.15241,-0.07227,-0.20195,-0.059,-0.16468,-0.07076,-0.20925,-0.07667,-0.15871,-0.07613,-0.12383,-0.02126,-0.16558,-0.03102,-0.20828,-0.0406,-0.14029,-0.03717,-0.10642,0.01532,-0.15304,0.00512,-0.18957,-0.00787,-0.1221,-0.00611,-0.0897,0.05221,-0.13191,0.03485,-0.15862,0.02055,-0.11088,0.01986,-0.08345,10
0.0,0.0,-0.04525,-0.01787,-0.0895,-0.08351,-0.09999,-0.15397,-0.07114,-0.20149,-0.0612,-0.16199,-0.0744,-0.20578,-0.07758,-0.15325,-0.07299,-0.12217,-0.02413,-0.16396,-0.03641,-0.20806,-0.04384,-0.14009,-0.03715,-0.11263,0.01274,-0.15356,-5e-05,-0.19227,-0.01179,-0.12438,-0.00765,-0.0977,0.05094,-0.13488,0.0311,-0.16195,0.01757,-0.11319,0.01872,-0.08838,10
0.0,0.0,-0.04474,-0.01616,-0.09113,-0.08258,-0.10631,-0.15348,-0.0812,-0.20216,-0.06263,-0.16364,-0.07325,-0.2096,-0.07334,-0.15535,-0.06807,-0.12568,-0.0252,-0.16462,-0.03481,-0.20948,-0.04316,-0.14053,-0.03892,-0.1109,0.01124,-0.15338,0.00123,-0.1922,-0.01186,-0.12449,-0.0098,-0.09449,0.04818,-0.13402,0.03119,-0.16254,0.01637,-0.11447,0.01549,-0.08633,10
0.0,0.0,-0.04626,-0.01699,-0.09249,-0.08275,-0.10641,-0.15245,-0.08087,-0.20011,-0.06224,-0.16737,-0.07567,-0.21056,-0.0765,-0.15447,-0.07097,-0.12583,-0.02513,-0.16775,-0.03797,-0.20978,-0.04627,-0.13959,-0.04043,-0.1118,0.01101,-0.15586,-0.00173,-0.19419,-0.0145,-0.12451,-0.01079,-0.09573,0.04812,-0.13604,0.0289,-0.16243,0.01442,-0.11374,0.01512,-0.08778,10
0.0,0.0,-0.0459,-0.01602,-0.09258,-0.08044,-0.10468,-0.14947,-0.07842,-0.19961,-0.07173,-0.16141,-0.08908,-0.20317,-0.09545,-0.16155,-0.09447,-0.14087,-0.03471,-0.16529,-0.05047,-0.20927,-0.05589,-0.13787,-0.04725,-0.11122,0.00329,-0.15598,-0.0123,-0.19813,-0.02154,-0.12568,-0.01508,-0.09707,0.04276,-0.13809,0.02162,-0.16555,0.01025,-0.11418,0.01407,-0.0887,10
0.0,0.0,-0.04487,-0.01462,-0.09104,-0.07807,-0.10001,-0.1462,-0.07485,-0.19696,-0.07189,-0.15607,-0.09667,-0.19945,-0.12293,-0.21641,-0.13987,-0.22884,-0.03486,-0.16179,-0.05178,-0.2087,-0.05704,-0.14265,-0.04841,-0.1078,0.0032,-0.15248,-0.01431,-0.19494,-0.02385,-0.12638,-0.01711,-0.0935,0.04325,-0.13436,0.02017,-0.16258,0.00873,-0.11316,0.01314,-0.08531,10
0.0,0.0,-0.04629,-0.01595,-0.09358,-0.08204,-0.10374,-0.15485,-0.07044,-0.20448,-0.0746,-0.15294,-0.09865,-0.1978,-0.11787,-0.20397,-0.12943,-0.21741,-0.03637,-0.15841,-0.04509,-0.20584,-0.04731,-0.1373,-0.04261,-0.10693,0.00131,-0.14983,-0.007,-0.19154,-0.01409,-0.11925,-0.01033,-0.08969,0.04045,-0.13395,0.02626,-0.16358,0.01671,-0.11181,0.01779,-0.08602,10
0.0,0.0,-0.04468,-0.01602,-0.09183,-0.08071,-0.10196,-0.15036,-0.0728,-0.20151,-0.07107,-0.15708,-0.0973,-0.20201,-0.12246,-0.20818,-0.13739,-0.21753,-0.03306,-0.16164,-0.05044,-0.21112,-0.05693,-0.14373,-0.04879,-0.11114,0.00525,-0.15124,-0.01352,-0.1954,-0.02333,-0.12415,-0.01563,-0.0925,0.04595,-0.13389,0.02034,-0.16204,0.00948,-0.11212,0.01547,-0.08557,10
0.0,0.0,-0.04432,-0.01543,-0.09223,-0.08076,-0.1012,-0.15085,-0.07297,-0.20142,-0.07407,-0.1557,-0.10251,-0.20183,-0.13177,-0.21896,-0.1502,-0.23567,-0.03596,-0.16151,-0.05315,-0.21203,-0.05725,-0.14184,-0.04639,-0.11043,0.00267,-0.15153,-0.01526,-0.19513,-0.02432,-0.12341,-0.01546,-0.09561,0.04384,-0.13439,0.01967,-0.16276,0.00881,-0.11142,0.01477,-0.08654,10
0.0,0.0,-0.04542,-0.01687,-0.09313,-0.08146,-0.10243,-0.15089,-0.07388,-0.20131,-0.07332,-0.15741,-0.10264,-0.20515,-0.13248,-0.22418,-0.15161,-0.23995,-0.03543,-0.16403,-0.05394,-0.21359,-0.05802,-0.14358,-0.047,-0.10997,0.00295,-0.15459,-0.01688,-0.20118,-0.0263,-0.12915,-0.01747,-0.09843,0.04409,-0.13713,0.01837,-0.16678,0.00704,-0.11551,0.01328,-0.08897,10
0.0,0.0,-0.04604,-0.01897,-0.09421,-0.08463,-0.10483,-0.15488,-0.07526,-0.20551,-0.07463,-0.15937,-0.10498,-0.2074,-0.13467,-0.22735,-0.15369,-0.24439,-0.03675,-0.16625,-0.05529,-0.21601,-0.05817,-0.14708,-0.04695,-0.11306,0.00168,-0.15712,-0.01816,-0.20422,-0.0264,-0.13185,-0.01706,-0.10054,0.04306,-0.14004,0.0172,-0.17023,0.00667,-0.11883,0.01317,-0.09185,10
0.0,0.0,-0.04536,-0.02015,-0.09298,-0.08555,-0.10537,-0.15506,-0.07665,-0.20796,-0.07533,-0.16313,-0.10461,-0.21118,-0.13146,-0.22695,-0.14822,-0.24205,-0.03776,-0.1686,-0.05472,-0.21786,-0.05736,-0.14939,-0.04857,-0.11597,0.00064,-0.15955,-0.01745,-0.20479,-0.02467,-0.1307,-0.01698,-0.09789,0.04185,-0.1428,0.01782,-0.17254,0.00823,-0.11969,0.01344,-0.09159,10
0.0,0.0,-0.0455,-0.02339,-0.09183,-0.09021,-0.10479,-0.15935,-0.07719,-0.21238,-0.07441,-0.16662,-0.10308,-0.2154,-0.13082,-0.2324,-0.14838,-0.24788,-0.03733,-0.17175,-0.05465,-0.22382,-0.05763,-0.15517,-0.04821,-0.12064,0.00073,-0.16283,-0.01825,-0.21005,-0.02545,-0.1358,-0.01679,-0.1017,0.04174,-0.14601,0.01691,-0.17766,0.00766,-0.12528,0.0139,-0.09638,10
0.0,0.0,-0.04549,-0.02047,-0.09237,-0.08646,-0.10547,-0.15392,-0.08257,-0.20573,-0.07556,-0.16459,-0.10522,-0.21472,-0.1362,-0.23657,-0.15655,-0.25272,-0.0384,-0.17121,-0.05705,-0.22417,-0.05992,-0.15621,-0.0478,-0.11922,0.00021,-0.16281,-0.01969,-0.21128,-0.02834,-0.13999,-0.019,-0.10572,0.0417,-0.14533,0.01645,-0.17632,0.00492,-0.12647,0.01051,-0.09798,10
0.0,0.0,-0.04604,-0.02011,-0.09286,-0.08583,-0.10538,-0.15336,-0.08264,-0.20579,-0.07716,-0.16403,-0.1066,-0.2143,-0.13721,-0.23539,-0.15706,-0.25198,-0.03984,-0.17076,-0.0578,-0.22281,-0.06024,-0.15374,-0.04774,-0.1183,-0.00129,-0.16234,-0.02017,-0.21039,-0.02851,-0.13825,-0.01902,-0.10564,0.04019,-0.1451,0.0158,-0.17531,0.00482,-0.125,0.01072,-0.09803,10
0.0,0.0,-0.04726,-0.02189,-0.09492,-0.09031,-0.10575,-0.16252,-0.07696,-0.215,-0.07828,-0.16699,-0.10675,-0.21694,-0.13584,-0.23572,-0.15404,-0.25336,-0.04051,-0.17302,-0.05653,-0.2268,-0.0594,-0.15539,-0.04798,-0.12248,-0.00257,-0.16395,-0.01922,-0.21174,-0.02858,-0.13759,-0.01972,-0.10784,0.03814,-0.14704,0.01577,-0.17847,0.0044,-0.12711,0.00977,-0.10072,10
0.0,0.0,-0.04812,-0.02476,-0.09551,-0.09286,-0.10699,-0.16566,-0.07715,-0.21893,-0.07899,-0.16739,-0.10833,-0.21938,-0.13725,-0.23764,-0.15531,-0.25404,-0.04138,-0.17398,-0.05697,-0.23007,-0.0598,-0.15868,-0.04905,-0.12327,-0.00335,-0.16581,-0.02053,-0.21553,-0.02866,-0.13983,-0.01938,-0.10724,0.03782,-0.14977,0.01469,-0.18238,0.00469,-0.13024,0.01101,-0.10261,10
0.0,0.0,-0.04929,-0.02432,-0.09615,-0.09104,-0.10825,-0.16126,-0.08289,-0.21555,-0.079,-0.16717,-0.10961,-0.22133,-0.14008,-0.24069,-0.15902,-0.25454,-0.04188,-0.17408,-0.06157,-0.22874,-0.06501,-0.15856,-0.0536,-0.12036,-0.00366,-0.16616,-0.02396,-0.21585,-0.03164,-0.14053,-0.02211,-0.10433,0.03788,-0.14964,0.01172,-0.1789,0.00166,-0.12644,0.00812,-0.09792,10
0.0,0.0,-0.04847,-0.02903,-0.0944,-0.09658,-0.10843,-0.16583,-0.08188,-0.21757,-0.0763,-0.17131,-0.10637,-0.2222,-0.13714,-0.23803,-0.15678,-0.25355,-0.04037,-0.17618,-0.05854,-0.22787,-0.06199,-0.15854,-0.05043,-0.12785,-0.00323,-0.16758,-0.02175,-0.21593,-0.02987,-0.14085,-0.01957,-0.11058,0.0374,-0.15084,0.0128,-0.18094,0.00275,-0.12728,0.01015,-0.10135,10
0.0,0.0,-0.04924,-0.02617,-0.09499,-0.0928,-0.10863,-0.1614,-0.08403,-0.21528,-0.08048,-0.16898,-0.11094,-0.22165,-0.13979,-0.23619,-0.15618,-0.25152,-0.04373,-0.17386,-0.06064,-0.22693,-0.06389,-0.15987,-0.05261,-0.13049,-0.00606,-0.16483,-0.0225,-0.2131,-0.0314,-0.1405,-0.02274,-0.11152,0.03471,-0.14751,0.01231,-0.17753,0.00148,-0.12551,0.00668,-0.09974,10
0.0,0.0,-0.04826,-0.02713,-0.09306,-0.0958,-0.10585,-0.1651,-0.08298,-0.22016,-0.07789,-0.17398,-0.10696,-0.22512,-0.13779,-0.24378,-0.15828,-0.25754,-0.0402,-0.17848,-0.05279,-0.23154,-0.05678,-0.16144,-0.04863,-0.12477,-0.00195,-0.16842,-0.01612,-0.21371,-0.02553,-0.14028,-0.01894,-0.10693,0.03829,-0.15063,0.01674,-0.17954,0.00597,-0.12821,0.01009,-0.10067,10
0.0,0.0,-0.04769,-0.02395,-0.09507,-0.09298,-0.1076,-0.16343,-0.08225,-0.21696,-0.07909,-0.1702,-0.10959,-0.22312,-0.14041,-0.24456,-0.16137,-0.26065,-0.04133,-0.17637,-0.05786,-0.23181,-0.0592,-0.16118,-0.04872,-0.12256,-0.00238,-0.16771,-0.01984,-0.21554,-0.02712,-0.14069,-0.01966,-0.10605,0.03907,-0.14989,0.01645,-0.17999,0.00626,-0.12718,0.01063,-0.09911,10
0.0,0.0,-0.04856,-0.03072,-0.09374,-0.10033,-0.10833,-0.17054,-0.08139,-0.22288,-0.07488,-0.17389,-0.10228,-0.2234,-0.13037,-0.23883,-0.14933,-0.25217,-0.03842,-0.1783,-0.05397,-0.22857,-0.05814,-0.16241,-0.0496,-0.12613,-0.00081,-0.16981,-0.01817,-0.21667,-0.0267,-0.14395,-0.01853,-0.10729,0.03973,-0.15303,0.0168,-0.18483,0.00603,-0.13217,0.01156,-0.10146,10
0.0,0.0,-0.04745,-0.02563,-0.09464,-0.09327,-0.10798,-0.16107,-0.08359,-0.21345,-0.08051,-0.16649,-0.10989,-0.21907,-0.13993,-0.24044,-0.15922,-0.2583,-0.04332,-0.17332,-0.06187,-0.22948,-0.06415,-0.16226,-0.0526,-0.12697,-0.00425,-0.16577,-0.02424,-0.21479,-0.03181,-0.14248,-0.02285,-0.10952,0.03797,-0.14903,0.01271,-0.18043,0.00206,-0.12805,0.00727,-0.09975,10
0.0,0.0,-0.04768,-0.02558,-0.09258,-0.09377,-0.1032,-0.16222,-0.08022,-0.21573,-0.07877,-0.17168,-0.10808,-0.22286,-0.14069,-0.24144,-0.1617,-0.25689,-0.04076,-0.17727,-0.05897,-0.23059,-0.06141,-0.15787,-0.04871,-0.1261,-0.00185,-0.16743,-0.02071,-0.2134,-0.02981,-0.13899,-0.02051,-0.11159,0.03938,-0.14904,0.01518,-0.17699,0.00373,-0.12447,0.00925,-0.10059,10
0.0,0.0,-0.04723,-0.023,-0.09533,-0.09456,-0.10656,-0.16686,-0.07901,-0.21832,-0.07805,-0.17101,-0.10798,-0.22516,-0.13903,-0.24529,-0.16024,-0.26165,-0.0406,-0.17551,-0.05438,-0.23018,-0.05642,-0.15915,-0.04645,-0.1206,-0.0023,-0.16586,-0.01783,-0.21362,-0.02564,-0.13947,-0.01825,-0.10526,0.03863,-0.14786,0.01775,-0.17938,0.00688,-0.12677,0.0109,-0.09809,10
0.0,0.0,-0.04804,-0.02544,-0.09611,-0.09737,-0.10791,-0.17073,-0.07858,-0.22288,-0.07783,-0.17256,-0.1079,-0.22667,-0.13937,-0.24531,-0.16083,-0.26139,-0.04088,-0.17717,-0.05505,-0.23211,-0.058,-0.16056,-0.04819,-0.1233,-0.00296,-0.16769,-0.01893,-0.2166,-0.02729,-0.1411,-0.01933,-0.10747,0.0382,-0.15023,0.01629,-0.18181,0.00528,-0.12862,0.00997,-0.10038,10
0.0,0.0,-0.04892,-0.02702,-0.09606,-0.0976,-0.10725,-0.16884,-0.07859,-0.22108,-0.07962,-0.1735,-0.10925,-0.2282,-0.13894,-0.24594,-0.15734,-0.26068,-0.04202,-0.17935,-0.0603,-0.23274,-0.063,-0.16135,-0.05122,-0.12703,-0.00319,-0.17077,-0.02273,-0.22016,-0.03086,-0.14487,-0.0216,-0.11342,0.03884,-0.15352,0.01373,-0.18333,0.00291,-0.12994,0.00883,-0.10383,10
0.0,0.0,-0.0495,-0.02803,-0.0967,-0.09852,-0.10821,-0.1698,-0.08016,-0.22214,-0.07864,-0.17418,-0.10745,-0.22795,-0.1373,-0.24777,-0.15674,-0.26262,-0.04147,-0.17969,-0.05952,-0.23435,-0.06243,-0.16405,-0.05094,-0.1274,-0.00314,-0.17141,-0.02264,-0.2211,-0.0311,-0.14741,-0.02216,-0.11427,0.03824,-0.1543,0.01337,-0.18441,0.00242,-0.13177,0.0082,-0.10428,10
0.0,0.0,-0.04845,-0.02938,-0.09433,-0.09785,-0.10697,-0.16832,-0.08125,-0.22259,-0.0793,-0.17379,-0.10902,-0.22677,-0.13784,-0.24622,-0.15623,-0.26351,-0.04227,-0.17981,-0.05976,-0.23758,-0.06046,-0.16556,-0.0491,-0.13109,-0.00354,-0.17185,-0.0225,-0.22225,-0.02962,-0.14574,-0.02116,-0.11326,0.03833,-0.15499,0.01357,-0.18524,0.0036,-0.1311,0.00896,-0.10371,10
0.0,0.0,-0.04862,-0.0294,-0.09394,-0.09855,-0.10518,-0.16909,-0.07958,-0.22346,-0.07958,-0.17362,-0.10904,-0.22757,-0.13769,-0.24523,-0.15604,-0.261,-0.04248,-0.17951,-0.05897,-0.2373,-0.0606,-0.16576,-0.05035,-0.13059,-0.00374,-0.1714,-0.02241,-0.22242,-0.02953,-0.14564,-0.02144,-0.11195,0.03827,-0.15459,0.01355,-0.18515,0.00366,-0.13083,0.00884,-0.1029,10
0.0,0.0,-0.05163,-0.03421,-0.09545,-0.10232,-0.10673,-0.17247,-0.07868,-0.22507,-0.07252,-0.17551,-0.09807,-0.22909,-0.11907,-0.22451,-0.12948,-0.22462,-0.03625,-0.17744,-0.05049,-0.23381,-0.05636,-0.16448,-0.0488,-0.12727,0.00095,-0.16911,-0.01612,-0.22056,-0.02565,-0.14525,-0.01856,-0.10602,0.04114,-0.15323,0.01725,-0.18637,0.00523,-0.13489,0.00928,-0.10415,10
0.0,0.0,-0.0497,-0.03305,-0.09554,-0.09964,-0.10879,-0.17174,-0.07646,-0.22419,-0.07407,-0.17518,-0.09649,-0.22654,-0.10148,-0.18462,-0.09636,-0.16457,-0.03746,-0.17837,-0.05271,-0.23425,-0.0567,-0.16033,-0.04779,-0.12778,0.00061,-0.17031,-0.01666,-0.22113,-0.02498,-0.14437,-0.01783,-0.10976,0.04159,-0.15368,0.01814,-0.1873,0.00633,-0.13425,0.00972,-0.10555,10
0.0,0.0,-0.04754,-0.02603,-0.09401,-0.09404,-0.10469,-0.1639,-0.07597,-0.21494,-0.07813,-0.16779,-0.10679,-0.2211,-0.13546,-0.24476,-0.1536,-0.26258,-0.04083,-0.1736,-0.05708,-0.23079,-0.05917,-0.16113,-0.04884,-0.12201,-0.00227,-0.16529,-0.02112,-0.21753,-0.0286,-0.1439,-0.02054,-0.10825,0.03914,-0.14771,0.01534,-0.18064,0.0051,-0.12833,0.01,-0.09907,10
0.0,0.0,-0.04834,-0.02551,-0.0944,-0.09334,-0.10654,-0.16499,-0.07713,-0.21602,-0.07607,-0.16712,-0.10531,-0.22085,-0.13183,-0.24015,-0.14835,-0.25566,-0.03927,-0.17213,-0.05143,-0.22625,-0.05317,-0.15751,-0.04466,-0.11782,-0.00232,-0.16417,-0.01596,-0.21086,-0.02336,-0.13746,-0.01689,-0.10037,0.03733,-0.14816,0.01717,-0.17722,0.00703,-0.12656,0.01086,-0.09785,10
0.0,0.0,-0.04826,-0.0238,-0.09515,-0.09153,-0.10715,-0.16391,-0.07817,-0.2153,-0.07782,-0.16565,-0.10758,-0.22001,-0.13559,-0.24126,-0.15381,-0.25696,-0.04064,-0.1715,-0.05343,-0.2258,-0.05424,-0.15628,-0.04477,-0.11602,-0.00338,-0.16369,-0.01721,-0.21043,-0.02394,-0.13671,-0.0169,-0.10016,0.03635,-0.14743,0.01627,-0.17615,0.0068,-0.12567,0.01132,-0.0981,10
0.0,0.0,-0.05227,-0.0338,-0.09696,-0.09735,-0.10983,-0.1681,-0.08417,-0.22176,-0.07681,-0.17191,-0.095,-0.22343,-0.09843,-0.17395,-0.09537,-0.14559,-0.04159,-0.17464,-0.05683,-0.22884,-0.06096,-0.15675,-0.0532,-0.12622,-0.00469,-0.16739,-0.02102,-0.21522,-0.02848,-0.14066,-0.02192,-0.10851,0.03518,-0.15124,0.01128,-0.18257,0.00144,-0.1306,0.00602,-0.10444,10
0.0,0.0,-0.04878,-0.0281,-0.09244,-0.09454,-0.10574,-0.16033,-0.08288,-0.2123,-0.07845,-0.16727,-0.10708,-0.21775,-0.1354,-0.2329,-0.15257,-0.24663,-0.04276,-0.1717,-0.05907,-0.22583,-0.06243,-0.15945,-0.05308,-0.12654,-0.00544,-0.16398,-0.02303,-0.20985,-0.03009,-0.13859,-0.02186,-0.10781,0.03506,-0.14798,0.01138,-0.17811,0.00271,-0.12691,0.00863,-0.1012,10
0.0,0.0,-0.04847,-0.02758,-0.09324,-0.09575,-0.10533,-0.1656,-0.08013,-0.21874,-0.07525,-0.17255,-0.10267,-0.2217,-0.12909,-0.23461,-0.1454,-0.24649,-0.03853,-0.17586,-0.05298,-0.2278,-0.05674,-0.15961,-0.0485,-0.12244,-0.00148,-0.1665,-0.01614,-0.21108,-0.02417,-0.1366,-0.01698,-0.10068,0.03815,-0.1495,0.017,-0.17886,0.00691,-0.1264,0.01152,-0.09773,10
0.0,0.0,-0.04993,-0.03136,-0.09534,-0.09712,-0.10981,-0.16784,-0.08417,-0.22148,-0.07431,-0.17655,-0.09203,-0.22694,-0.09146,-0.17823,-0.08496,-0.14762,-0.03786,-0.17803,-0.05172,-0.23103,-0.05477,-0.15926,-0.04698,-0.12414,-0.00064,-0.16926,-0.0148,-0.21438,-0.02208,-0.14015,-0.0163,-0.10444,0.03866,-0.15158,0.01733,-0.18271,0.0072,-0.13119,0.01046,-0.10278,10
0.0,0.0,-0.04729,-0.02445,-0.09317,-0.09312,-0.10515,-0.15982,-0.08314,-0.21126,-0.07897,-0.16779,-0.10824,-0.21871,-0.14062,-0.2412,-0.16262,-0.25823,-0.04272,-0.1743,-0.06338,-0.23141,-0.06558,-0.16192,-0.05238,-0.12507,-0.0043,-0.16632,-0.02586,-0.21555,-0.03278,-0.14268,-0.02246,-0.11039,0.03699,-0.1485,0.01117,-0.18078,0.00184,-0.12755,0.0085,-0.09956,10
0.0,0.0,-0.04865,-0.02646,-0.09428,-0.0944,-0.10596,-0.16254,-0.08215,-0.21433,-0.08001,-0.16823,-0.11093,-0.21938,-0.14258,-0.24057,-0.16393,-0.25814,-0.04306,-0.1744,-0.06195,-0.22985,-0.06261,-0.15919,-0.0501,-0.12122,-0.00468,-0.16626,-0.02413,-0.21339,-0.03019,-0.13917,-0.02051,-0.10603,0.03637,-0.1491,0.01213,-0.17929,0.0029,-0.12631,0.00886,-0.09922,10
0.0,0.0,-0.04831,-0.02717,-0.09499,-0.09637,-0.10612,-0.16575,-0.07993,-0.21496,-0.07965,-0.16849,-0.11071,-0.22112,-0.14226,-0.24467,-0.16532,-0.26304,-0.04309,-0.17574,-0.0639,-0.23103,-0.06398,-0.16023,-0.05154,-0.12001,-0.00488,-0.16881,-0.02557,-0.21509,-0.03092,-0.13986,-0.02161,-0.1051,0.0361,-0.15183,0.01157,-0.1805,0.00281,-0.12644,0.00935,-0.09914,10
0.0,0.0,-0.04839,-0.02883,-0.09427,-0.0972,-0.10807,-0.16472,-0.08384,-0.21737,-0.08108,-0.17209,-0.11144,-0.22448,-0.14129,-0.24699,-0.16154,-0.26639,-0.04415,-0.1786,-0.06328,-0.23235,-0.06257,-0.16159,-0.05025,-0.12719,-0.00542,-0.17121,-0.02529,-0.21777,-0.03042,-0.14254,-0.0209,-0.11146,0.03639,-0.15485,0.01168,-0.18197,0.00327,-0.12755,0.00956,-0.10184,10
0.0,0.0,-0.04878,-0.02993,-0.09425,-0.09881,-0.10678,-0.16748,-0.08206,-0.21996,-0.0815,-0.17356,-0.11184,-0.22717,-0.14161,-0.24939,-0.1621,-0.26838,-0.04458,-0.1799,-0.06124,-0.23348,-0.06069,-0.1625,-0.04979,-0.12764,-0.00606,-0.17223,-0.02385,-0.21802,-0.02936,-0.14358,-0.02135,-0.11287,0.03558,-0.15547,0.01326,-0.18247,0.0044,-0.12867,0.0092,-0.10315,10
0.0,0.0,-0.05093,-0.02806,-0.09806,-0.09809,-0.10938,-0.17094,-0.08268,-0.22362,-0.08342,-0.17061,-0.11406,-0.22707,-0.1442,-0.2508,-0.16464,-0.27106,-0.04578,-0.17729,-0.06349,-0.23637,-0.06491,-0.16269,-0.05375,-0.12406,-0.00726,-0.17003,-0.02631,-0.22335,-0.03387,-0.14659,-0.02507,-0.11138,0.03401,-0.15434,0.00957,-0.18489,-0.00085,-0.13116,0.00469,-0.10298,10
0.0,0.0,-0.05077,-0.02864,-0.09759,-0.09971,-0.10842,-0.17188,-0.08246,-0.22437,-0.08425,-0.17261,-0.11431,-0.2284,-0.14435,-0.2505,-0.16535,-0.27053,-0.04672,-0.17973,-0.06521,-0.23733,-0.06592,-0.1628,-0.05445,-0.12739,-0.00788,-0.17242,-0.02719,-0.22341,-0.03454,-0.14595,-0.02601,-0.11413,0.03382,-0.15632,0.00976,-0.18562,-0.0007,-0.13053,0.00436,-0.10374,10
0.0,0.0,-0.05217,-0.03521,-0.09752,-0.10522,-0.11069,-0.17613,-0.08214,-0.22859,-0.08029,-0.17947,-0.10941,-0.23014,-0.1341,-0.23919,-0.14878,-0.25488,-0.04345,-0.18402,-0.06149,-0.23802,-0.06422,-0.16607,-0.05498,-0.13556,-0.00548,-0.17719,-0.02499,-0.22839,-0.03271,-0.14915,-0.02374,-0.11503,0.03583,-0.16272,0.01053,-0.19316,4e-05,-0.13734,0.00621,-0.10847,10
0.0,0.0,-0.04993,-0.03263,-0.09552,-0.10463,-0.1086,-0.17403,-0.08155,-0.22679,-0.07879,-0.17696,-0.1096,-0.23261,-0.13823,-0.2517,-0.15724,-0.27051,-0.04207,-0.18233,-0.06045,-0.23796,-0.06184,-0.1673,-0.05139,-0.13202,-0.00392,-0.17491,-0.02363,-0.22611,-0.03059,-0.14983,-0.02199,-0.11445,0.03753,-0.15906,0.013,-0.19121,0.00249,-0.13745,0.00775,-0.10842,10
0.0,0.0,-0.05086,-0.03211,-0.09691,-0.10326,-0.10802,-0.17451,-0.0827,-0.22912,-0.0831,-0.17586,-0.11427,-0.23371,-0.14555,-0.25628,-0.16743,-0.27433,-0.04573,-0.1825,-0.06189,-0.23971,-0.06305,-0.16895,-0.05236,-0.13127,-0.00706,-0.1757,-0.02471,-0.22678,-0.03266,-0.15184,-0.02463,-0.1169,0.03483,-0.15984,0.01217,-0.19164,0.00107,-0.13854,0.00549,-0.10982,10
0.0,0.0,-0.05249,-0.03363,-0.0986,-0.1052,-0.1094,-0.1775,-0.08254,-0.23174,-0.08291,-0.17784,-0.11508,-0.23523,-0.14474,-0.25401,-0.1636,-0.27202,-0.04581,-0.18374,-0.06249,-0.24153,-0.06512,-0.17144,-0.05508,-0.13557,-0.0076,-0.17696,-0.02571,-0.22999,-0.03436,-0.15434,-0.0259,-0.11876,0.03426,-0.16178,0.01111,-0.193,-0.00066,-0.14022,0.00423,-0.11153,10
0.0,0.0,-0.05353,-0.03404,-0.09993,-0.10535,-0.11161,-0.17604,-0.08542,-0.22819,-0.08571,-0.17749,-0.11706,-0.23453,-0.14853,-0.25681,-0.17039,-0.27573,-0.04822,-0.18396,-0.06462,-0.24167,-0.06535,-0.16711,-0.05329,-0.12934,-0.00934,-0.17676,-0.02653,-0.22565,-0.0342,-0.14945,-0.02525,-0.1166,0.03226,-0.16019,0.01018,-0.18976,-0.00099,-0.13615,0.00383,-0.1094,10
0.0,0.0,-0.05099,-0.03427,-0.09553,-0.10334,-0.1107,-0.17132,-0.08881,-0.22705,-0.08179,-0.18232,-0.1127,-0.23415,-0.14131,-0.25088,-0.15895,-0.26886,-0.04448,-0.18776,-0.06074,-0.24289,-0.06478,-0.17187,-0.0565,-0.13746,-0.00605,-0.17977,-0.02366,-0.22846,-0.0328,-0.15284,-0.02554,-0.1185,0.03504,-0.1632,0.01169,-0.19242,0.00057,-0.13885,0.00494,-0.1102,10
0.0,0.0,-0.04929,-0.0337,-0.09257,-0.10415,-0.10614,-0.1715,-0.08516,-0.22586,-0.0817,-0.17979,-0.11232,-0.2356,-0.14292,-0.25878,-0.16402,-0.27646,-0.04413,-0.18582,-0.06113,-0.24266,-0.0618,-0.1706,-0.05196,-0.13414,-0.00461,-0.17768,-0.02254,-0.22576,-0.02901,-0.15044,-0.02138,-0.11738,0.03754,-0.15992,0.0145,-0.1905,0.00473,-0.13703,0.00916,-0.10978,10
0.0,0.0,-0.05056,-0.03275,-0.09582,-0.10387,-0.10956,-0.17383,-0.08601,-0.22603,-0.08218,-0.18005,-0.11258,-0.23462,-0.14297,-0.25544,-0.1649,-0.27453,-0.04483,-0.18481,-0.06223,-0.23812,-0.06242,-0.16658,-0.05203,-0.13356,-0.00575,-0.17619,-0.02404,-0.2242,-0.03078,-0.14886,-0.02263,-0.11766,0.03577,-0.15811,0.01388,-0.19189,0.00297,-0.1378,0.00722,-0.11045,10
0.0,0.0,-0.05147,-0.03482,-0.09654,-0.10884,-0.10775,-0.1806,-0.08019,-0.23295,-0.08228,-0.18049,-0.11359,-0.23675,-0.14358,-0.25797,-0.16339,-0.2771,-0.04472,-0.18559,-0.06007,-0.24528,-0.06143,-0.17354,-0.05174,-0.13589,-0.00587,-0.1771,-0.02257,-0.22881,-0.03023,-0.15273,-0.02273,-0.11833,0.0359,-0.15965,0.01476,-0.19451,0.00385,-0.14137,0.00726,-0.11304,10
0.0,0.0,-0.05018,-0.03295,-0.09701,-0.10509,-0.10794,-0.17586,-0.08112,-0.2255,-0.08178,-0.17911,-0.11311,-0.23582,-0.14336,-0.25924,-0.16559,-0.28053,-0.04485,-0.18535,-0.06421,-0.24039,-0.06425,-0.16666,-0.05267,-0.13204,-0.00614,-0.17837,-0.02629,-0.22773,-0.03289,-0.15066,-0.02395,-0.11841,0.03522,-0.1618,0.01147,-0.19278,0.00079,-0.13764,0.0059,-0.10966,10
0.0,0.0,-0.05069,-0.03108,-0.09841,-0.1027,-0.10804,-0.17581,-0.07877,-0.22737,-0.08498,-0.17739,-0.1162,-0.23551,-0.14604,-0.25686,-0.16728,-0.27642,-0.04726,-0.18433,-0.06668,-0.24006,-0.06593,-0.1651,-0.05439,-0.13143,-0.00804,-0.17733,-0.02827,-0.22777,-0.03377,-0.14843,-0.02473,-0.1164,0.03409,-0.16105,0.00989,-0.19014,0.00032,-0.13412,0.0057,-0.10738,10
0.0,0.0,-0.05085,-0.03368,-0.09665,-0.10364,-0.10927,-0.17293,-0.08431,-0.22565,-0.08515,-0.18011,-0.11682,-0.23674,-0.14828,-0.25876,-0.17119,-0.27776,-0.04744,-0.18642,-0.06634,-0.24342,-0.06626,-0.16993,-0.05515,-0.13144,-0.00776,-0.17913,-0.02843,-0.22844,-0.03421,-0.1512,-0.02554,-0.11597,0.03487,-0.16222,0.00946,-0.19233,-0.00048,-0.13692,0.00433,-0.10773,10
0.0,0.0,-0.05178,-0.03277,-0.09854,-0.10514,-0.11168,-0.17835,-0.08439,-0.23168,-0.08579,-0.17928,-0.11741,-0.23726,-0.14866,-0.26008,-0.17098,-0.27949,-0.04797,-0.18614,-0.06601,-0.24638,-0.06612,-0.17244,-0.05536,-0.13256,-0.00876,-0.17968,-0.02817,-0.23158,-0.03475,-0.15414,-0.02632,-0.11734,0.03309,-0.1643,0.00926,-0.195,-0.00063,-0.14089,0.00444,-0.11148,10
0.0,0.0,-0.05197,-0.03276,-0.09867,-0.10506,-0.11252,-0.17815,-0.08641,-0.23188,-0.08627,-0.17986,-0.11819,-0.2379,-0.14905,-0.26166,-0.17125,-0.28067,-0.04856,-0.18631,-0.0657,-0.2469,-0.06599,-0.17329,-0.0563,-0.13138,-0.00929,-0.17966,-0.02758,-0.232,-0.0344,-0.15494,-0.02714,-0.11639,0.03254,-0.16376,0.01038,-0.19574,-0.00025,-0.14178,0.00321,-0.11075,10
0.0,0.0,-0.0521,-0.03594,-0.09956,-0.10738,-0.1119,-0.17878,-0.08398,-0.23059,-0.08515,-0.17992,-0.1169,-0.23741,-0.14766,-0.25851,-0.16961,-0.28024,-0.04853,-0.18729,-0.07017,-0.24506,-0.06984,-0.17104,-0.05663,-0.13775,-0.00993,-0.18181,-0.03245,-0.23306,-0.03796,-0.15578,-0.0268,-0.1254,0.03206,-0.167,0.00546,-0.19805,-0.00416,-0.14266,0.00341,-0.11617,10
0.0,0.0,-0.05246,-0.0353,-0.0986,-0.10584,-0.11051,-0.17693,-0.08361,-0.22932,-0.08528,-0.17793,-0.11719,-0.23715,-0.14823,-0.25996,-0.16997,-0.27926,-0.04802,-0.18473,-0.06749,-0.24449,-0.06749,-0.17166,-0.05537,-0.1341,-0.00908,-0.17876,-0.02958,-0.2306,-0.03573,-0.15484,-0.02595,-0.12142,0.03277,-0.16344,0.00727,-0.19436,-0.00189,-0.14106,0.00506,-0.11444,10
0.0,0.0,-0.05177,-0.03634,-0.09682,-0.1073,-0.10972,-0.17851,-0.08178,-0.23043,-0.08312,-0.1806,-0.11533,-0.2382,-0.14406,-0.25951,-0.16327,-0.27781,-0.04634,-0.18623,-0.06317,-0.24486,-0.065,-0.17472,-0.05618,-0.13472,-0.00803,-0.17934,-0.02643,-0.23231,-0.03392,-0.15764,-0.02637,-0.11877,0.03317,-0.16345,0.01044,-0.196,-0.00035,-0.1432,0.00388,-0.11176,10
0.0,0.0,-0.05198,-0.03664,-0.09696,-0.10836,-0.10889,-0.18059,-0.07787,-0.23156,-0.08182,-0.18047,-0.11338,-0.23834,-0.13995,-0.25763,-0.15611,-0.2763,-0.04528,-0.18609,-0.06167,-0.24458,-0.06405,-0.1752,-0.05552,-0.13686,-0.00728,-0.17958,-0.02555,-0.23282,-0.03318,-0.15821,-0.0254,-0.11974,0.03396,-0.16443,0.01091,-0.19621,-9e-05,-0.14391,0.00436,-0.11291,10
0.0,0.0,-0.05236,-0.03243,-0.09891,-0.10214,-0.11167,-0.17569,-0.08419,-0.23068,-0.0855,-0.17845,-0.11666,-0.2371,-0.14742,-0.25955,-0.16851,-0.27822,-0.04736,-0.18554,-0.06627,-0.24354,-0.06729,-0.17113,-0.05652,-0.13474,-0.00819,-0.17902,-0.02792,-0.23088,-0.03547,-0.15333,-0.02703,-0.1174,0.03381,-0.16345,0.00896,-0.19218,-0.0013,-0.13787,0.00401,-0.10875,10
0.0,0.0,-0.05207,-0.0348,-0.09685,-0.10664,-0.10859,-0.1771,-0.08306,-0.22931,-0.08156,-0.18104,-0.11277,-0.23704,-0.14002,-0.25475,-0.15689,-0.27201,-0.04503,-0.18627,-0.06294,-0.24541,-0.06663,-0.17566,-0.05797,-0.13892,-0.00687,-0.17989,-0.02575,-0.2332,-0.03482,-0.1577,-0.02773,-0.11993,0.03425,-0.16488,0.0108,-0.19763,-0.00106,-0.14418,0.00267,-0.11273,10
0.0,0.0,-0.05256,-0.03477,-0.09749,-0.10656,-0.10839,-0.17788,-0.08365,-0.23086,-0.08213,-0.17909,-0.11395,-0.2371,-0.14609,-0.26046,-0.16848,-0.27992,-0.04526,-0.18521,-0.06446,-0.2455,-0.06695,-0.17473,-0.05617,-0.13716,-0.00656,-0.17822,-0.02651,-0.23071,-0.03527,-0.15576,-0.02683,-0.12056,0.03519,-0.16196,0.01053,-0.19401,-0.00125,-0.14113,0.00361,-0.11218,10
0.0,0.0,-0.05083,-0.03314,-0.09616,-0.10516,-0.10658,-0.17755,-0.07985,-0.23028,-0.08292,-0.18126,-0.11285,-0.23779,-0.14237,-0.25999,-0.1625,-0.28049,-0.04527,-0.18799,-0.06602,-0.24441,-0.066,-0.16929,-0.05411,-0.13595,-0.00609,-0.18091,-0.02739,-0.23117,-0.03396,-0.15212,-0.02471,-0.11914,0.03568,-0.16469,0.01068,-0.19439,0.0001,-0.13916,0.00542,-0.1115,10
0.0,0.0,-0.05051,-0.03295,-0.09617,-0.10499,-0.10673,-0.17743,-0.07959,-0.2299,-0.08332,-0.18135,-0.11278,-0.23823,-0.14205,-0.26076,-0.16238,-0.281,-0.04571,-0.18829,-0.06612,-0.24477,-0.06578,-0.16991,-0.05407,-0.13649,-0.00643,-0.1815,-0.02753,-0.2317,-0.03376,-0.15292,-0.02471,-0.11995,0.03551,-0.16551,0.01084,-0.19509,0.00047,-0.13983,0.00561,-0.11195,10
0.0,0.0,-0.05339,-0.03588,-0.09883,-0.10737,-0.1088,-0.17985,-0.07959,-0.23082,-0.08368,-0.17879,-0.11513,-0.23759,-0.14469,-0.25865,-0.16397,-0.2793,-0.04643,-0.185,-0.06299,-0.24329,-0.06533,-0.1707,-0.05529,-0.13705,-0.00797,-0.17849,-0.02628,-0.23182,-0.03451,-0.15437,-0.02586,-0.12133,0.03367,-0.16325,0.01044,-0.19611,-0.0005,-0.14209,0.00527,-0.11504,10
0.0,0.0,-0.05265,-0.0324,-0.09899,-0.10436,-0.10911,-0.17818,-0.08194,-0.23019,-0.08588,-0.17892,-0.11663,-0.23741,-0.14673,-0.26101,-0.16816,-0.28154,-0.04786,-0.18553,-0.06518,-0.2452,-0.06525,-0.17044,-0.05463,-0.13258,-0.00861,-0.1787,-0.02718,-0.23114,-0.03411,-0.15273,-0.02614,-0.11766,0.03292,-0.16249,0.01017,-0.19434,0.00011,-0.13973,0.00524,-0.1119,10
0.0,0.0,-0.05225,-0.03366,-0.09853,-0.10408,-0.11046,-0.17633,-0.08231,-0.22907,-0.08426,-0.17992,-0.11495,-0.2367,-0.14374,-0.2582,-0.1631,-0.2772,-0.0466,-0.18627,-0.06233,-0.24423,-0.06328,-0.17121,-0.05363,-0.13208,-0.00797,-0.17948,-0.02547,-0.23166,-0.03256,-0.15497,-0.02487,-0.11826,0.03339,-0.16348,0.01177,-0.19456,0.00131,-0.14135,0.00565,-0.11261,10
0.0,0.0,-0.05224,-0.03402,-0.09815,-0.10469,-0.11,-0.17687,-0.08138,-0.22961,-0.08441,-0.17929,-0.11517,-0.23635,-0.14349,-0.25962,-0.16227,-0.27912,-0.04643,-0.18607,-0.06242,-0.24594,-0.06265,-0.17258,-0.05243,-0.13121,-0.00748,-0.17947,-0.0254,-0.23203,-0.03189,-0.15466,-0.0237,-0.11664,0.03414,-0.16352,0.01208,-0.1937,0.00188,-0.14063,0.00647,-0.11194,10
0.0,0.0,-0.05194,-0.03225,-0.09831,-0.10337,-0.11115,-0.17563,-0.08667,-0.23093,-0.08435,-0.17946,-0.11564,-0.23694,-0.14633,-0.25948,-0.16741,-0.28055,-0.04707,-0.18675,-0.06768,-0.24586,-0.06824,-0.17317,-0.05624,-0.13825,-0.00846,-0.18049,-0.03039,-0.23163,-0.03686,-0.15417,-0.02676,-0.12045,0.03314,-0.16525,0.00693,-0.19654,-0.00255,-0.14159,0.0041,-0.11284,10
0.0,0.0,-0.0517,-0.03322,-0.09742,-0.10545,-0.11031,-0.17759,-0.08509,-0.23153,-0.08327,-0.18047,-0.11451,-0.23801,-0.14485,-0.26022,-0.16563,-0.28059,-0.04603,-0.18738,-0.06631,-0.24701,-0.0672,-0.17434,-0.05585,-0.13896,-0.00747,-0.18104,-0.02912,-0.2322,-0.03596,-0.15465,-0.02641,-0.1203,0.03381,-0.1657,0.00813,-0.19647,-0.00168,-0.14214,0.00456,-0.1135,10
0.0,0.0,-0.05256,-0.03539,-0.09845,-0.10676,-0.1098,-0.18008,-0.08108,-0.23223,-0.08426,-0.18003,-0.11589,-0.23643,-0.14727,-0.25912,-0.16961,-0.27825,-0.04642,-0.18687,-0.06445,-0.24544,-0.06483,-0.17182,-0.05372,-0.13118,-0.00741,-0.18001,-0.02669,-0.23089,-0.03372,-0.15429,-0.02488,-0.11714,0.03397,-0.16391,0.01056,-0.19407,0.00039,-0.14143,0.00593,-0.11319,10
0.0,0.0,-0.05221,-0.03478,-0.09807,-0.1068,-0.10899,-0.18006,-0.08087,-0.23158,-0.08246,-0.18083,-0.11415,-0.23609,-0.14525,-0.25882,-0.16736,-0.27757,-0.04459,-0.18684,-0.06195,-0.24502,-0.06277,-0.17177,-0.05224,-0.12979,-0.00573,-0.17932,-0.02462,-0.23046,-0.032,-0.15424,-0.02386,-0.11563,0.03546,-0.16264,0.01271,-0.19363,0.00173,-0.14118,0.0062,-0.11149,10
0.0,0.0,-0.05163,-0.0335,-0.09766,-0.10612,-0.10908,-0.17867,-0.08216,-0.23207,-0.08402,-0.18163,-0.11616,-0.23872,-0.14862,-0.26169,-0.17174,-0.27974,-0.04597,-0.18878,-0.06691,-0.24811,-0.06725,-0.17431,-0.0554,-0.13422,-0.0063,-0.18178,-0.02811,-0.2331,-0.03515,-0.15471,-0.02582,-0.11655,0.03555,-0.1651,0.01002,-0.19578,-0.00067,-0.14202,0.00482,-0.11227,10
0.0,0.0,-0.05369,-0.03807,-0.09744,-0.10883,-0.10878,-0.17977,-0.07957,-0.23077,-0.08019,-0.18182,-0.11099,-0.23821,-0.13854,-0.25254,-0.15456,-0.26957,-0.04334,-0.1864,-0.05978,-0.24284,-0.06361,-0.17142,-0.05426,-0.14059,-0.00542,-0.17915,-0.0239,-0.22931,-0.03254,-0.15342,-0.02346,-0.12262,0.03601,-0.16406,0.01157,-0.19538,0.00061,-0.14262,0.00705,-0.11729,10
0.0,0.0,-0.05347,-0.0357,-0.09801,-0.10744,-0.10746,-0.17967,-0.0786,-0.23055,-0.08129,-0.17953,-0.11309,-0.23674,-0.14383,-0.25716,-0.16397,-0.27611,-0.04423,-0.18548,-0.06117,-0.24304,-0.06375,-0.17082,-0.05299,-0.13667,-0.0061,-0.1786,-0.02486,-0.22865,-0.03323,-0.15288,-0.02394,-0.12137,0.03532,-0.16295,0.01115,-0.19457,0.00044,-0.14145,0.00687,-0.11574,10
0.0,0.0,-0.05228,-0.03316,-0.09765,-0.10467,-0.10753,-0.17669,-0.08334,-0.23022,-0.08305,-0.18,-0.11492,-0.23775,-0.14695,-0.26083,-0.1705,-0.27964,-0.04559,-0.18681,-0.06515,-0.2454,-0.06434,-0.17129,-0.05246,-0.13388,-0.00656,-0.18022,-0.02746,-0.23176,-0.03343,-0.15422,-0.02399,-0.11896,0.03488,-0.1638,0.0104,-0.19556,0.00065,-0.14154,0.00646,-0.11328,10
0.0,0.0,-0.05299,-0.03378,-0.09755,-0.10543,-0.10903,-0.17668,-0.08575,-0.23039,-0.08284,-0.18108,-0.11459,-0.23783,-0.14549,-0.26137,-0.16742,-0.28125,-0.04593,-0.18744,-0.06321,-0.24632,-0.06384,-0.17523,-0.05365,-0.13604,-0.0075,-0.18097,-0.02727,-0.23281,-0.03372,-0.15691,-0.02493,-0.11922,0.0336,-0.16499,0.00965,-0.19631,1e-05,-0.14361,0.00578,-0.114,10
0.0,0.0,-0.05268,-0.03553,-0.09789,-0.10544,-0.11015,-0.17697,-0.08394,-0.23139,-0.08482,-0.18027,-0.11621,-0.2369,-0.1479,-0.26054,-0.17094,-0.27838,-0.04757,-0.18682,-0.06659,-0.24602,-0.06661,-0.17282,-0.05581,-0.13574,-0.0084,-0.17994,-0.02775,-0.23009,-0.03502,-0.15323,-0.02723,-0.11866,0.03325,-0.16339,0.00987,-0.19463,-0.00063,-0.14125,0.00367,-0.11302,10
0.0,0.0,-0.05238,-0.03442,-0.09761,-0.10496,-0.11,-0.17671,-0.0835,-0.23026,-0.08267,-0.18012,-0.11437,-0.23595,-0.14506,-0.25984,-0.16691,-0.27804,-0.04536,-0.18618,-0.06266,-0.24423,-0.06333,-0.17166,-0.05343,-0.13247,-0.00669,-0.17904,-0.02485,-0.22911,-0.03239,-0.15297,-0.025,-0.11636,0.03444,-0.16257,0.01256,-0.19368,0.00142,-0.14104,0.00497,-0.1116,10
0.0,0.0,-0.05222,-0.03386,-0.09772,-0.10549,-0.10711,-0.17695,-0.08251,-0.22914,-0.0823,-0.1785,-0.11388,-0.23644,-0.14538,-0.25884,-0.16819,-0.27843,-0.04516,-0.18549,-0.06753,-0.24374,-0.0679,-0.17154,-0.05548,-0.13731,-0.00634,-0.17872,-0.0295,-0.23076,-0.03602,-0.15362,-0.02615,-0.12051,0.03511,-0.16216,0.00825,-0.19284,-0.00167,-0.13859,0.00518,-0.11161,10
0.0,0.0,-0.05218,-0.03472,-0.09684,-0.10675,-0.10769,-0.17744,-0.0827,-0.22939,-0.08078,-0.17962,-0.11238,-0.23609,-0.14279,-0.2587,-0.16372,-0.27889,-0.04389,-0.1863,-0.06432,-0.24536,-0.06607,-0.17574,-0.05538,-0.1396,-0.00543,-0.17974,-0.02732,-0.23092,-0.03452,-0.15552,-0.02559,-0.12018,0.03573,-0.16356,0.00994,-0.19372,-0.00011,-0.14068,0.00596,-0.1121,10
0.0,0.0,-0.05151,-0.03453,-0.09595,-0.10486,-0.10626,-0.17576,-0.08236,-0.22976,-0.08436,-0.17888,-0.11507,-0.23768,-0.14593,-0.26211,-0.16814,-0.27856,-0.04694,-0.18624,-0.06591,-0.24445,-0.06541,-0.17249,-0.05461,-0.13538,-0.00741,-0.18007,-0.02813,-0.23146,-0.03414,-0.15623,-0.02565,-0.12226,0.03486,-0.16384,0.00959,-0.19452,-0.00025,-0.14079,0.00487,-0.11282,10
0.0,0.0,-0.05298,-0.03238,-0.0985,-0.10236,-0.10937,-0.17382,-0.08398,-0.22598,-0.08473,-0.17613,-0.11717,-0.23435,-0.14798,-0.25879,-0.16975,-0.2792,-0.04719,-0.18326,-0.06584,-0.24192,-0.06571,-0.1698,-0.05402,-0.13108,-0.00829,-0.177,-0.02814,-0.22901,-0.03483,-0.15294,-0.02576,-0.1167,0.03319,-0.16077,0.00957,-0.19222,-0.00082,-0.13902,0.00469,-0.10994,10
0.0,0.0,-0.05307,-0.0329,-0.09866,-0.10241,-0.11149,-0.17354,-0.08654,-0.22764,-0.08432,-0.17611,-0.11597,-0.23371,-0.14793,-0.25798,-0.17101,-0.27776,-0.04705,-0.18332,-0.0669,-0.24245,-0.06689,-0.17012,-0.05499,-0.13202,-0.00835,-0.17672,-0.02885,-0.22816,-0.03582,-0.15235,-0.02662,-0.1177,0.03298,-0.16043,0.00886,-0.19143,-0.00152,-0.13834,0.00401,-0.11005,10
0.0,0.0,-0.05155,-0.03489,-0.09694,-0.10753,-0.10826,-0.17867,-0.08388,-0.23194,-0.0839,-0.1809,-0.11523,-0.23543,-0.14699,-0.25877,-0.17092,-0.27857,-0.0465,-0.1882,-0.06644,-0.24706,-0.06555,-0.17382,-0.05435,-0.13613,-0.00707,-0.18169,-0.02811,-0.23269,-0.03425,-0.1552,-0.02574,-0.11986,0.03473,-0.16541,0.0104,-0.19706,9e-05,-0.14254,0.00463,-0.11338,10
0.0,0.0,-0.05203,-0.03764,-0.09696,-0.11085,-0.10732,-0.18234,-0.08097,-0.23572,-0.08203,-0.18216,-0.11342,-0.23757,-0.14578,-0.26021,-0.16944,-0.27971,-0.0446,-0.18898,-0.06578,-0.24857,-0.06509,-0.17493,-0.05249,-0.1382,-0.00527,-0.18191,-0.02783,-0.23425,-0.03417,-0.15668,-0.02408,-0.12261,0.03647,-0.16529,0.0099,-0.19827,-0.00021,-0.14414,0.0061,-0.1163,10
0.0,0.0,-0.05308,-0.03458,-0.09708,-0.10689,-0.10711,-0.17905,-0.08337,-0.23255,-0.08377,-0.1785,-0.11563,-0.23715,-0.14666,-0.26204,-0.16863,-0.28148,-0.04633,-0.18528,-0.06269,-0.2448,-0.06311,-0.17283,-0.05252,-0.13386,-0.00711,-0.17915,-0.02499,-0.23167,-0.03189,-0.15622,-0.02324,-0.12007,0.03455,-0.16366,0.01198,-0.19699,0.00133,-0.14413,0.00648,-0.1154,10
0.0,0.0,-0.05332,-0.03526,-0.0983,-0.10749,-0.10893,-0.18046,-0.0826,-0.23253,-0.08431,-0.17881,-0.11662,-0.23682,-0.14841,-0.26026,-0.17103,-0.27976,-0.04685,-0.18509,-0.06322,-0.24568,-0.06353,-0.17222,-0.05266,-0.13412,-0.00781,-0.17834,-0.02548,-0.23109,-0.03288,-0.15435,-0.02437,-0.11957,0.03365,-0.16232,0.01154,-0.19499,0.00071,-0.14176,0.00579,-0.11428,10
0.0,0.0,-0.05077,-0.03632,-0.09625,-0.1071,-0.10749,-0.17772,-0.08016,-0.22941,-0.08312,-0.17844,-0.11502,-0.23722,-0.14626,-0.26031,-0.16831,-0.27949,-0.04612,-0.18586,-0.06517,-0.24439,-0.06527,-0.17032,-0.0538,-0.13464,-0.00704,-0.17992,-0.02726,-0.23178,-0.03381,-0.15512,-0.02461,-0.12294,0.0347,-0.16433,0.01082,-0.19514,0.00028,-0.14126,0.00592,-0.11514,10
0.0,0.0,-0.05277,-0.03522,-0.09753,-0.1067,-0.10971,-0.17735,-0.08464,-0.22948,-0.08238,-0.18041,-0.11386,-0.2363,-0.14326,-0.25806,-0.16237,-0.27881,-0.0455,-0.18598,-0.06242,-0.24571,-0.0647,-0.17468,-0.05484,-0.13913,-0.00705,-0.17912,-0.02539,-0.2314,-0.03363,-0.15613,-0.02535,-0.12176,0.03402,-0.163,0.01116,-0.19638,-0.0,-0.14376,0.00518,-0.11565,10
0.0,0.0,-0.05143,-0.03439,-0.09675,-0.10613,-0.10845,-0.17697,-0.08239,-0.22977,-0.0832,-0.17925,-0.11456,-0.23643,-0.14521,-0.25825,-0.16684,-0.27833,-0.04535,-0.18578,-0.06525,-0.24577,-0.06509,-0.17222,-0.053,-0.13596,-0.00611,-0.17832,-0.02668,-0.23057,-0.03332,-0.15268,-0.02409,-0.11862,0.03546,-0.16107,0.01063,-0.19331,0.00097,-0.13919,0.00704,-0.11192,10
0.0,0.0,-0.05165,-0.03506,-0.09775,-0.10679,-0.1085,-0.1784,-0.08146,-0.23063,-0.08294,-0.17911,-0.1148,-0.23741,-0.1474,-0.26116,-0.17188,-0.27991,-0.04541,-0.1861,-0.06579,-0.24711,-0.06493,-0.17393,-0.05294,-0.13444,-0.00605,-0.17956,-0.0279,-0.23215,-0.03379,-0.15561,-0.02435,-0.12024,0.03587,-0.16335,0.00996,-0.19627,0.00067,-0.1427,0.00698,-0.11449,10
0.0,0.0,-0.05138,-0.03517,-0.09726,-0.10682,-0.10853,-0.17851,-0.08144,-0.23005,-0.08268,-0.17988,-0.11465,-0.23843,-0.14682,-0.26243,-0.17099,-0.28128,-0.04539,-0.18649,-0.06425,-0.24709,-0.06349,-0.17496,-0.05275,-0.13595,-0.00622,-0.18015,-0.02702,-0.23221,-0.03286,-0.15629,-0.0244,-0.12092,0.03551,-0.16411,0.01054,-0.19653,0.00127,-0.14333,0.00704,-0.11536,10
0.0,0.0,-0.05141,-0.03213,-0.09673,-0.10388,-0.10743,-0.17493,-0.08225,-0.22785,-0.08305,-0.17854,-0.11725,-0.23473,-0.14898,-0.25694,-0.17106,-0.27631,-0.0452,-0.18497,-0.06296,-0.24464,-0.06343,-0.17175,-0.05283,-0.13302,-0.00551,-0.17782,-0.02537,-0.22908,-0.032,-0.15201,-0.02351,-0.11527,0.03647,-0.16128,0.01237,-0.19415,0.00227,-0.14011,0.00739,-0.11053,10
0.0,0.0,-0.05046,-0.03218,-0.09594,-0.10415,-0.10715,-0.17528,-0.0803,-0.22654,-0.08377,-0.17852,-0.11756,-0.23262,-0.1479,-0.25489,-0.16872,-0.27485,-0.04588,-0.18535,-0.06403,-0.24416,-0.06371,-0.16985,-0.05332,-0.13309,-0.00581,-0.17857,-0.02633,-0.22888,-0.03189,-0.15045,-0.02324,-0.11579,0.0365,-0.16214,0.0118,-0.19427,0.00257,-0.1394,0.00813,-0.11116,10
0.0,0.0,-0.05337,-0.03636,-0.09639,-0.10583,-0.10918,-0.17615,-0.08924,-0.23284,-0.08365,-0.18209,-0.10756,-0.23398,-0.11428,-0.2025,-0.11382,-0.18595,-0.0463,-0.18674,-0.06252,-0.24529,-0.06611,-0.17583,-0.06004,-0.14636,-0.00681,-0.18005,-0.02424,-0.23024,-0.03188,-0.15306,-0.0263,-0.11836,0.03526,-0.16442,0.01167,-0.19525,0.00074,-0.14179,0.00367,-0.11359,10
0.0,0.0,-0.05418,-0.04014,-0.09405,-0.10891,-0.10624,-0.17839,-0.08626,-0.236,-0.07812,-0.18243,-0.09652,-0.23551,-0.09804,-0.18758,-0.09194,-0.15308,-0.04205,-0.18468,-0.05624,-0.24133,-0.05963,-0.17057,-0.05328,-0.1324,-0.00391,-0.17709,-0.0202,-0.22583,-0.0277,-0.15218,-0.02236,-0.11376,0.03665,-0.16096,0.01329,-0.19337,0.00318,-0.14269,0.00649,-0.11334,10
0.0,0.0,-0.05281,-0.03648,-0.09368,-0.10517,-0.10396,-0.17452,-0.08246,-0.23044,-0.08195,-0.17316,-0.11134,-0.21701,-0.13787,-0.21612,-0.1541,-0.21489,-0.04527,-0.17929,-0.0597,-0.23588,-0.063,-0.1728,-0.05727,-0.13577,-0.00551,-0.1729,-0.02285,-0.22317,-0.03013,-0.15156,-0.02459,-0.11277,0.03731,-0.15697,0.01408,-0.19054,0.00376,-0.14047,0.00703,-0.11033,10
0.0,0.0,-0.05257,-0.03139,-0.09744,-0.09968,-0.11037,-0.17512,-0.08015,-0.2261,-0.08278,-0.17193,-0.09994,-0.23133,-0.09435,-0.17844,-0.08279,-0.14413,-0.0455,-0.17562,-0.05942,-0.2321,-0.05967,-0.15974,-0.05057,-0.12246,-0.00692,-0.16913,-0.02155,-0.22216,-0.02742,-0.14797,-0.02158,-0.10795,0.03432,-0.15394,0.01327,-0.18651,0.004,-0.13627,0.00781,-0.10604,10
0.0,0.0,-0.05461,-0.03085,-0.10021,-0.09753,-0.11146,-0.17359,-0.08157,-0.22888,-0.09473,-0.16678,-0.11845,-0.22385,-0.1222,-0.17516,-0.11953,-0.14238,-0.05493,-0.17329,-0.06738,-0.23271,-0.06772,-0.16066,-0.06175,-0.12444,-0.01302,-0.16902,-0.02605,-0.21912,-0.03066,-0.14418,-0.02585,-0.10675,0.03098,-0.15628,0.01083,-0.18982,0.00248,-0.13784,0.00557,-0.10804,10
0.0,0.0,-0.057,-0.03571,-0.10071,-0.10019,-0.11138,-0.17143,-0.08915,-0.22456,-0.08397,-0.18095,-0.09564,-0.23895,-0.09309,-0.18111,-0.08542,-0.1419,-0.04584,-0.18172,-0.05591,-0.23725,-0.05857,-0.16416,-0.0531,-0.12694,-0.00727,-0.17462,-0.01867,-0.21852,-0.02594,-0.14535,-0.02363,-0.10725,0.03293,-0.15972,0.01343,-0.19321,0.00429,-0.14084,0.00506,-0.10964,10
0.0,0.0,-0.05624,-0.03578,-0.10052,-0.09966,-0.11061,-0.17173,-0.08807,-0.22665,-0.07978,-0.18054,-0.09324,-0.23643,-0.09399,-0.1838,-0.08751,-0.1417,-0.04167,-0.18161,-0.05101,-0.23499,-0.05529,-0.16609,-0.05109,-0.12512,-0.00339,-0.1739,-0.01366,-0.21721,-0.0227,-0.14779,-0.02157,-0.10712,0.03592,-0.1579,0.01786,-0.191,0.0074,-0.14224,0.00712,-0.11081,10
0.0,0.0,-0.05551,-0.03726,-0.10099,-0.10259,-0.10963,-0.17707,-0.08056,-0.2263,-0.0791,-0.17815,-0.1,-0.23493,-0.09734,-0.17951,-0.08585,-0.14593,-0.0428,-0.18141,-0.06028,-0.23628,-0.06165,-0.16234,-0.0512,-0.12666,-0.00469,-0.17603,-0.02411,-0.2229,-0.02949,-0.14667,-0.02183,-0.10962,0.03668,-0.16198,0.01013,-0.19015,0.00122,-0.13797,0.00712,-0.11104,10
0.0,0.0,-0.05523,-0.0377,-0.10007,-0.1029,-0.10931,-0.17633,-0.08058,-0.22611,-0.07834,-0.17564,-0.09845,-0.23593,-0.09707,-0.18232,-0.08624,-0.14697,-0.04208,-0.17852,-0.05943,-0.23629,-0.06138,-0.16421,-0.05119,-0.12613,-0.00432,-0.17379,-0.02388,-0.22108,-0.02948,-0.14745,-0.0217,-0.10829,0.03634,-0.16133,0.00954,-0.18948,0.00125,-0.13917,0.00802,-0.11078,10
0.0,0.0,-0.05467,-0.03657,-0.09919,-0.10039,-0.11191,-0.17426,-0.08613,-0.22703,-0.0772,-0.17897,-0.09804,-0.23583,-0.0975,-0.19382,-0.08653,-0.15976,-0.04183,-0.18132,-0.0576,-0.23746,-0.06122,-0.1675,-0.05312,-0.12714,-0.00479,-0.17519,-0.02157,-0.22572,-0.0307,-0.15276,-0.02599,-0.10899,0.03496,-0.1601,0.01233,-0.19493,-0.00052,-0.14475,0.00078,-0.10969,10
0.0,0.0,-0.05418,-0.03612,-0.09921,-0.10072,-0.11103,-0.17394,-0.08399,-0.22595,-0.07883,-0.17599,-0.1009,-0.23514,-0.09953,-0.19404,-0.08911,-0.1599,-0.04293,-0.17923,-0.06052,-0.23671,-0.06232,-0.1677,-0.0541,-0.12468,-0.0053,-0.17372,-0.02474,-0.22429,-0.03071,-0.15132,-0.02488,-0.106,0.03474,-0.15922,0.00961,-0.19241,-6e-05,-0.14267,0.00362,-0.1083,10
0.0,0.0,-0.05517,-0.04009,-0.10073,-0.10417,-0.11371,-0.17872,-0.08416,-0.22971,-0.08071,-0.1801,-0.10279,-0.23771,-0.09901,-0.18546,-0.0874,-0.15574,-0.04454,-0.18343,-0.06307,-0.23776,-0.06244,-0.16367,-0.05253,-0.13015,-0.00658,-0.17763,-0.02618,-0.22877,-0.03098,-0.15135,-0.02372,-0.11191,0.03456,-0.163,0.00948,-0.19537,-0.00079,-0.14365,0.00323,-0.11291,10
0.0,0.0,-0.05568,-0.04355,-0.10081,-0.10661,-0.11405,-0.18042,-0.08487,-0.23233,-0.08012,-0.18078,-0.10211,-0.2397,-0.09878,-0.18704,-0.08767,-0.15513,-0.04392,-0.18363,-0.06246,-0.24058,-0.06211,-0.16677,-0.05211,-0.1299,-0.00598,-0.17835,-0.0264,-0.22912,-0.03122,-0.15319,-0.02383,-0.11199,0.03514,-0.16422,0.009,-0.1967,-0.00101,-0.14573,0.00328,-0.11432,10
0.0,0.0,-0.05353,-0.04197,-0.09964,-0.11046,-0.1163,-0.18371,-0.08933,-0.23337,-0.07624,-0.1879,-0.09605,-0.24072,-0.09522,-0.18127,-0.08473,-0.15293,-0.04185,-0.19032,-0.05952,-0.24138,-0.06186,-0.16494,-0.05141,-0.13728,-0.00472,-0.18447,-0.02442,-0.23042,-0.03098,-0.15183,-0.02314,-0.11905,0.0361,-0.17057,0.00843,-0.20179,-0.00184,-0.14661,0.00364,-0.11883,10
0.0,0.0,-0.05546,-0.03854,-0.10301,-0.10379,-0.1158,-0.17916,-0.08533,-0.22933,-0.07893,-0.17818,-0.10008,-0.23598,-0.09782,-0.18223,-0.0868,-0.15265,-0.04348,-0.18059,-0.0579,-0.2369,-0.05971,-0.16206,-0.05127,-0.12728,-0.00679,-0.17508,-0.02324,-0.22504,-0.0296,-0.14798,-0.02371,-0.1086,0.033,-0.16153,0.01002,-0.19579,-0.00113,-0.1419,0.00118,-0.10887,10
0.0,0.0,-0.0569,-0.03681,-0.10305,-0.10106,-0.11463,-0.17576,-0.08532,-0.22594,-0.08548,-0.17238,-0.10606,-0.23395,-0.10156,-0.18264,-0.09024,-0.14927,-0.04928,-0.17576,-0.06388,-0.23619,-0.06328,-0.16235,-0.05459,-0.12345,-0.01184,-0.17121,-0.02924,-0.22322,-0.03294,-0.1471,-0.02616,-0.10545,0.02846,-0.15818,0.00531,-0.19119,-0.003,-0.14029,0.0016,-0.10915,10
0.0,0.0,-0.05593,-0.03802,-0.10074,-0.10356,-0.11538,-0.17641,-0.08867,-0.22811,-0.08577,-0.17796,-0.10613,-0.23778,-0.10176,-0.18757,-0.09083,-0.15611,-0.04929,-0.18226,-0.06491,-0.24023,-0.06483,-0.16683,-0.05582,-0.13129,-0.01137,-0.17774,-0.02828,-0.22896,-0.03374,-0.15339,-0.02755,-0.11401,0.02958,-0.16482,0.00715,-0.19584,-0.00248,-0.14518,0.00095,-0.11516,10
0.0,0.0,-0.0564,-0.03934,-0.10151,-0.10456,-0.11645,-0.17748,-0.09083,-0.23047,-0.08571,-0.18085,-0.10596,-0.23991,-0.10239,-0.18961,-0.09168,-0.15668,-0.04943,-0.18484,-0.06547,-0.24301,-0.06536,-0.16906,-0.05612,-0.13171,-0.01148,-0.18038,-0.02912,-0.23144,-0.03431,-0.15598,-0.02778,-0.1155,0.02938,-0.16713,0.00634,-0.19889,-0.00303,-0.14873,0.0007,-0.1183,10
0.0,0.0,-0.05699,-0.03691,-0.10341,-0.10424,-0.11674,-0.18021,-0.08667,-0.23034,-0.08611,-0.17995,-0.10694,-0.24015,-0.10264,-0.18756,-0.09157,-0.1551,-0.05002,-0.18324,-0.06641,-0.24214,-0.06519,-0.16738,-0.05526,-0.1313,-0.01217,-0.17812,-0.03022,-0.23043,-0.03396,-0.15368,-0.02653,-0.11367,0.02861,-0.16474,0.00405,-0.19722,-0.0037,-0.14504,0.00196,-0.11444,10
0.0,0.0,-0.05781,-0.03756,-0.10354,-0.10504,-0.11649,-0.17957,-0.08985,-0.23119,-0.08557,-0.18056,-0.10644,-0.24013,-0.10515,-0.19336,-0.09497,-0.16048,-0.05008,-0.18413,-0.06745,-0.24594,-0.06834,-0.17488,-0.05881,-0.13574,-0.01256,-0.17982,-0.03191,-0.23303,-0.03709,-0.15846,-0.02996,-0.11574,0.02767,-0.16664,0.00299,-0.19954,-0.0059,-0.14882,-0.00108,-0.11635,10
0.0,0.0,-0.05788,-0.04192,-0.10199,-0.10685,-0.11583,-0.18087,-0.08822,-0.23201,-0.08582,-0.18019,-0.10453,-0.23926,-0.10014,-0.18652,-0.08955,-0.1555,-0.0493,-0.18291,-0.062,-0.24096,-0.0616,-0.16504,-0.05294,-0.1288,-0.01188,-0.17783,-0.02571,-0.2262,-0.03098,-0.15005,-0.02523,-0.11113,0.02844,-0.16502,0.00819,-0.19621,-0.00167,-0.14538,0.0011,-0.11631,10
0.0,0.0,-0.05767,-0.042,-0.1021,-0.10542,-0.1153,-0.17912,-0.08648,-0.23032,-0.08534,-0.17845,-0.10353,-0.23801,-0.09923,-0.18354,-0.0888,-0.15012,-0.04878,-0.18101,-0.06158,-0.23989,-0.06137,-0.16426,-0.05262,-0.12552,-0.01134,-0.17583,-0.02517,-0.22609,-0.03065,-0.15092,-0.02492,-0.10941,0.02876,-0.16275,0.00877,-0.19522,-0.00123,-0.14518,0.00144,-0.11435,10
0.0,0.0,-0.05699,-0.03894,-0.10162,-0.10386,-0.11466,-0.17703,-0.08594,-0.225,-0.08371,-0.17617,-0.10246,-0.23629,-0.09925,-0.18701,-0.08905,-0.1529,-0.04739,-0.17846,-0.06012,-0.23647,-0.05999,-0.16391,-0.05123,-0.12324,-0.01025,-0.1734,-0.0251,-0.22301,-0.02977,-0.15032,-0.02356,-0.10829,0.02936,-0.16064,0.0081,-0.19229,-0.00084,-0.14344,0.00303,-0.11326,10
0.0,0.0,-0.05616,-0.04002,-0.1012,-0.10224,-0.11454,-0.17469,-0.08341,-0.22413,-0.08268,-0.17407,-0.10284,-0.2329,-0.09949,-0.18125,-0.08903,-0.14822,-0.04673,-0.17689,-0.06242,-0.23496,-0.06245,-0.16207,-0.05257,-0.12229,-0.00974,-0.172,-0.02728,-0.22221,-0.03192,-0.149,-0.0242,-0.10646,0.02994,-0.15911,0.00617,-0.18944,-0.00234,-0.1402,0.00318,-0.10887,10
0.0,0.0,-0.05736,-0.03934,-0.10194,-0.1013,-0.11406,-0.17417,-0.08549,-0.22569,-0.08327,-0.17384,-0.10293,-0.23268,-0.10017,-0.18343,-0.08991,-0.15044,-0.04731,-0.17692,-0.06293,-0.2353,-0.06262,-0.16366,-0.05302,-0.1241,-0.01029,-0.17245,-0.02774,-0.22342,-0.03222,-0.14994,-0.02501,-0.10661,0.02932,-0.15994,0.00613,-0.19194,-0.00234,-0.14334,0.00253,-0.11141,10
0.0,0.0,-0.05649,-0.03649,-0.10243,-0.10035,-0.11498,-0.17387,-0.0865,-0.2255,-0.08555,-0.17391,-0.10721,-0.23324,-0.10241,-0.18286,-0.09002,-0.15017,-0.05013,-0.17751,-0.06738,-0.23772,-0.06578,-0.16442,-0.05518,-0.12556,-0.01302,-0.17336,-0.03248,-0.22771,-0.03522,-0.15148,-0.02664,-0.10878,0.02697,-0.16092,0.00158,-0.19539,-0.00478,-0.14408,0.00255,-0.11212,10
0.0,0.0,-0.05839,-0.03876,-0.1038,-0.10157,-0.11778,-0.17371,-0.09057,-0.22494,-0.08395,-0.17581,-0.10458,-0.23239,-0.10258,-0.18754,-0.0917,-0.15398,-0.04948,-0.17867,-0.06601,-0.23933,-0.06663,-0.1694,-0.05711,-0.12836,-0.01314,-0.17463,-0.0324,-0.22814,-0.03665,-0.1549,-0.02908,-0.11096,0.02602,-0.16208,0.0016,-0.19735,-0.00586,-0.14721,-0.0002,-0.11372,10
0.0,0.0,-0.05749,-0.03889,-0.10225,-0.1002,-0.11669,-0.17268,-0.08853,-0.2231,-0.0835,-0.17567,-0.10227,-0.23292,-0.09836,-0.18163,-0.08832,-0.14834,-0.04737,-0.17802,-0.06279,-0.2356,-0.06257,-0.16331,-0.05326,-0.12425,-0.0105,-0.17269,-0.02708,-0.22405,-0.03234,-0.15185,-0.0259,-0.10958,0.02897,-0.15921,0.00676,-0.19116,-0.00289,-0.14271,0.00084,-0.11114,10
0.0,0.0,-0.05793,-0.03993,-0.10214,-0.10116,-0.11618,-0.17347,-0.0885,-0.22438,-0.0837,-0.17615,-0.10103,-0.23314,-0.09795,-0.18161,-0.08844,-0.14795,-0.04762,-0.17827,-0.06199,-0.23615,-0.06242,-0.16399,-0.0531,-0.1249,-0.01078,-0.17283,-0.02677,-0.22395,-0.03228,-0.15202,-0.0256,-0.11011,0.02868,-0.15925,0.00672,-0.19182,-0.00275,-0.14355,0.00138,-0.11231,10
0.0,0.0,-0.05686,-0.03774,-0.10169,-0.09883,-0.11461,-0.17138,-0.08663,-0.22099,-0.08539,-0.17153,-0.10534,-0.23181,-0.10064,-0.18193,-0.09006,-0.14929,-0.04958,-0.17496,-0.06508,-0.23475,-0.06331,-0.16286,-0.05358,-0.1245,-0.0124,-0.17054,-0.02933,-0.22315,-0.03242,-0.1494,-0.02523,-0.10751,0.02741,-0.15781,0.00491,-0.19083,-0.00269,-0.14056,0.00231,-0.10903,10
0.0,0.0,-0.05842,-0.03752,-0.10229,-0.09932,-0.11521,-0.17052,-0.09133,-0.22215,-0.08215,-0.17502,-0.10043,-0.23244,-0.09883,-0.18132,-0.0892,-0.14582,-0.04738,-0.17761,-0.063,-0.23626,-0.06381,-0.16445,-0.0542,-0.12586,-0.0111,-0.17318,-0.02912,-0.22445,-0.03391,-0.15065,-0.02645,-0.10949,0.02811,-0.16049,0.0042,-0.19393,-0.00386,-0.1439,0.00152,-0.11323,10
0.0,0.0,-0.05725,-0.03604,-0.10209,-0.09808,-0.11445,-0.17032,-0.0894,-0.22285,-0.08266,-0.17329,-0.10082,-0.23031,-0.09864,-0.17847,-0.08863,-0.14477,-0.04714,-0.1756,-0.06156,-0.23326,-0.06254,-0.16057,-0.05292,-0.12267,-0.01068,-0.1702,-0.02666,-0.22128,-0.03225,-0.14745,-0.02535,-0.10688,0.02831,-0.1567,0.00649,-0.18959,-0.00247,-0.14024,0.00211,-0.11024,10
0.0,0.0,-0.05662,-0.03654,-0.10059,-0.0985,-0.11311,-0.17022,-0.08514,-0.22107,-0.08259,-0.17031,-0.10591,-0.2266,-0.10138,-0.17888,-0.08928,-0.15195,-0.04801,-0.17409,-0.06694,-0.23125,-0.06544,-0.16027,-0.05466,-0.12886,-0.01165,-0.16918,-0.03137,-0.22288,-0.03513,-0.1483,-0.02694,-0.11123,0.02802,-0.15622,0.00356,-0.18785,-0.00467,-0.13775,0.00096,-0.10902,10
0.0,0.0,-0.05745,-0.03554,-0.10228,-0.09724,-0.11554,-0.17019,-0.08688,-0.22043,-0.08438,-0.16884,-0.10674,-0.22548,-0.10168,-0.17552,-0.08971,-0.14758,-0.04971,-0.17291,-0.06853,-0.23148,-0.06675,-0.15996,-0.05589,-0.12719,-0.01329,-0.16881,-0.03331,-0.22258,-0.03626,-0.14728,-0.02753,-0.10873,0.02669,-0.15685,0.00154,-0.18928,-0.0058,-0.13896,0.00061,-0.10905,10
0.0,0.0,-0.05797,-0.03588,-0.1027,-0.0988,-0.11538,-0.1724,-0.0871,-0.22279,-0.08387,-0.16946,-0.10489,-0.22794,-0.10019,-0.17606,-0.08869,-0.14485,-0.04865,-0.17332,-0.06582,-0.23305,-0.06457,-0.16006,-0.05366,-0.12368,-0.01224,-0.1699,-0.03048,-0.2234,-0.03403,-0.1483,-0.02529,-0.10757,0.02729,-0.15896,0.00335,-0.19313,-0.00467,-0.14295,0.00143,-0.11233,10
0.0,0.0,-0.05778,-0.03548,-0.10287,-0.098,-0.1155,-0.17148,-0.0868,-0.22145,-0.08434,-0.16853,-0.10457,-0.22773,-0.09985,-0.17561,-0.08834,-0.14343,-0.04878,-0.17226,-0.06464,-0.23172,-0.06323,-0.15851,-0.05241,-0.12127,-0.01232,-0.16867,-0.02962,-0.22211,-0.03284,-0.14761,-0.0242,-0.10702,0.0271,-0.15748,0.00408,-0.19145,-0.00363,-0.14163,0.00242,-0.11158,10
0.0,0.0,-0.05678,-0.0355,-0.10132,-0.09812,-0.11368,-0.1708,-0.08367,-0.21939,-0.08299,-0.17045,-0.10255,-0.22585,-0.09761,-0.17344,-0.08633,-0.14362,-0.04746,-0.17306,-0.06225,-0.23042,-0.06118,-0.15735,-0.05071,-0.12292,-0.01097,-0.1677,-0.02739,-0.21895,-0.03119,-0.14473,-0.02297,-0.10678,0.0284,-0.15504,0.00527,-0.18725,-0.00277,-0.13688,0.00295,-0.10761,10
0.0,0.0,-0.05662,-0.03767,-0.10082,-0.09939,-0.1142,-0.17244,-0.08503,-0.22212,-0.08054,-0.16917,-0.10039,-0.22645,-0.09663,-0.17768,-0.08564,-0.14395,-0.04527,-0.17243,-0.06122,-0.23067,-0.06068,-0.16,-0.05046,-0.11977,-0.00898,-0.16816,-0.02717,-0.22053,-0.03086,-0.1483,-0.02272,-0.10477,0.02995,-0.15603,0.00679,-0.19009,-0.00119,-0.14232,0.00423,-0.11033,10
0.0,0.0,-0.05637,-0.03773,-0.09993,-0.09863,-0.11297,-0.17076,-0.08308,-0.21934,-0.0787,-0.16839,-0.09901,-0.22485,-0.09599,-0.17823,-0.085,-0.14557,-0.04352,-0.17146,-0.05954,-0.22932,-0.05964,-0.15951,-0.04942,-0.11958,-0.00749,-0.16642,-0.02554,-0.21852,-0.02998,-0.14704,-0.02197,-0.10416,0.03121,-0.1532,0.00834,-0.18687,-0.00041,-0.13964,0.00448,-0.10802,10
0.0,0.0,-0.05664,-0.0338,-0.10272,-0.09558,-0.11443,-0.16896,-0.08407,-0.21593,-0.08325,-0.1661,-0.10444,-0.22386,-0.10046,-0.175,-0.08913,-0.14331,-0.04792,-0.17011,-0.0653,-0.2279,-0.0644,-0.1588,-0.05412,-0.12048,-0.01122,-0.16612,-0.03087,-0.2185,-0.03374,-0.14638,-0.02573,-0.10435,0.02866,-0.15375,0.0037,-0.187,-0.0039,-0.13727,0.00161,-0.10491,10
0.0,0.0,-0.05733,-0.03485,-0.10272,-0.0962,-0.11541,-0.16912,-0.08707,-0.21791,-0.08549,-0.16712,-0.10489,-0.22591,-0.1007,-0.17641,-0.09004,-0.14369,-0.05018,-0.17102,-0.06648,-0.2308,-0.06532,-0.16094,-0.05547,-0.12189,-0.01352,-0.16794,-0.0321,-0.22155,-0.035,-0.14875,-0.02716,-0.10515,0.0261,-0.15706,0.00237,-0.19125,-0.00532,-0.14171,-0.00014,-0.1084,10
0.0,0.0,-0.05887,-0.03823,-0.10243,-0.09978,-0.11492,-0.17162,-0.08809,-0.22114,-0.08063,-0.17089,-0.09901,-0.22712,-0.097,-0.17691,-0.08729,-0.14349,-0.04617,-0.17308,-0.06098,-0.23043,-0.06224,-0.15966,-0.0526,-0.12061,-0.01073,-0.16848,-0.0274,-0.22096,-0.03328,-0.1494,-0.02569,-0.10656,0.02758,-0.15668,0.00472,-0.19036,-0.0053,-0.14252,-0.00087,-0.11049,10
0.0,0.0,-0.05695,-0.03597,-0.10043,-0.09785,-0.11327,-0.16963,-0.08458,-0.21831,-0.08025,-0.16758,-0.1011,-0.22352,-0.09817,-0.17635,-0.08711,-0.14531,-0.04553,-0.17111,-0.06245,-0.22731,-0.06315,-0.15786,-0.05289,-0.12113,-0.00962,-0.16619,-0.02837,-0.21776,-0.03357,-0.14641,-0.02523,-0.10632,0.02947,-0.15344,0.00487,-0.18514,-0.00422,-0.13704,0.00139,-0.1066,10
0.0,0.0,-0.05615,-0.03525,-0.10081,-0.09843,-0.11436,-0.17066,-0.08562,-0.21992,-0.08265,-0.16881,-0.10245,-0.22428,-0.09719,-0.18079,-0.08509,-0.15021,-0.04702,-0.17244,-0.06136,-0.22972,-0.0597,-0.15896,-0.05011,-0.11914,-0.01079,-0.16767,-0.02703,-0.21887,-0.02989,-0.14595,-0.02243,-0.10367,0.02805,-0.15527,0.00665,-0.18947,-0.00086,-0.14075,0.00355,-0.10923,10
0.0,0.0,-0.05699,-0.03708,-0.10099,-0.09871,-0.11541,-0.17053,-0.08622,-0.21932,-0.08282,-0.16845,-0.10247,-0.22652,-0.09697,-0.17716,-0.08553,-0.14453,-0.04725,-0.17142,-0.06267,-0.23039,-0.06131,-0.15919,-0.05125,-0.11888,-0.01095,-0.16696,-0.02851,-0.21987,-0.03184,-0.14823,-0.02377,-0.10496,0.02821,-0.15489,0.00526,-0.19025,-0.00281,-0.14213,0.00247,-0.10921,10
0.0,0.0,-0.05578,-0.03732,-0.10008,-0.09762,-0.11636,-0.16766,-0.0899,-0.2193,-0.08239,-0.16989,-0.10075,-0.22726,-0.09726,-0.17753,-0.08668,-0.14428,-0.04751,-0.17267,-0.06214,-0.23053,-0.06191,-0.15983,-0.05211,-0.11964,-0.0116,-0.16796,-0.02808,-0.21953,-0.03243,-0.14864,-0.02459,-0.1052,0.02685,-0.15569,0.005,-0.1886,-0.0039,-0.14141,0.00078,-0.10914,10
0.0,0.0,-0.05565,-0.0373,-0.1001,-0.09745,-0.11618,-0.1676,-0.08965,-0.21936,-0.0827,-0.16965,-0.10039,-0.22709,-0.09672,-0.17752,-0.08643,-0.14385,-0.04758,-0.17237,-0.0613,-0.23011,-0.06084,-0.15929,-0.05161,-0.11831,-0.0115,-0.16772,-0.02714,-0.219,-0.03127,-0.14811,-0.02407,-0.104,0.02702,-0.15542,0.00612,-0.18859,-0.00273,-0.14152,0.00126,-0.10882,10
0.0,0.0,-0.05751,-0.03865,-0.10183,-0.10105,-0.11595,-0.17321,-0.08653,-0.22252,-0.08376,-0.17188,-0.10452,-0.22759,-0.10008,-0.17838,-0.08838,-0.14651,-0.04891,-0.17577,-0.06684,-0.23359,-0.06537,-0.16356,-0.0542,-0.12467,-0.01259,-0.17139,-0.03207,-0.22392,-0.0351,-0.15223,-0.02603,-0.1093,0.02669,-0.15893,0.00204,-0.19256,-0.00533,-0.14437,0.00117,-0.11188,10
0.0,0.0,-0.05787,-0.03978,-0.10222,-0.10166,-0.11682,-0.17354,-0.08794,-0.22338,-0.08438,-0.17308,-0.10536,-0.22909,-0.10043,-0.17975,-0.0885,-0.1474,-0.04938,-0.17656,-0.06685,-0.23548,-0.06515,-0.16467,-0.05406,-0.12475,-0.01295,-0.17197,-0.03189,-0.22452,-0.03495,-0.15268,-0.02603,-0.10924,0.02633,-0.15923,0.0022,-0.19306,-0.00543,-0.14516,0.00081,-0.11267,10
0.0,0.0,-0.05949,-0.03907,-0.1047,-0.10059,-0.12015,-0.17487,-0.09088,-0.22548,-0.08697,-0.17168,-0.10562,-0.22958,-0.10008,-0.17874,-0.08764,-0.14549,-0.05177,-0.17554,-0.06523,-0.23594,-0.06386,-0.16215,-0.05342,-0.12125,-0.01553,-0.17215,-0.03091,-0.22472,-0.03467,-0.15167,-0.02648,-0.10907,0.0243,-0.16108,0.00307,-0.19521,-0.00596,-0.14726,-0.00119,-0.11684,10
0.0,0.0,-0.05652,-0.04217,-0.10036,-0.10296,-0.11768,-0.17443,-0.08893,-0.22443,-0.07694,-0.17753,-0.09267,-0.23366,-0.09265,-0.18209,-0.08491,-0.1474,-0.04327,-0.17868,-0.05596,-0.23435,-0.05818,-0.16505,-0.05037,-0.12617,-0.0088,-0.1735,-0.02355,-0.222,-0.03021,-0.15328,-0.02441,-0.1111,0.028,-0.1611,0.0072,-0.19492,-0.00327,-0.14822,-0.00069,-0.11543,10
0.0,0.0,-0.05649,-0.03855,-0.10246,-0.09914,-0.11882,-0.1714,-0.08727,-0.21991,-0.08136,-0.16927,-0.10294,-0.22575,-0.0983,-0.17858,-0.08566,-0.14643,-0.04725,-0.17347,-0.06329,-0.23046,-0.06242,-0.16099,-0.05194,-0.12093,-0.01218,-0.16991,-0.02979,-0.21992,-0.03293,-0.14968,-0.02423,-0.10722,0.02567,-0.15862,0.00324,-0.19282,-0.00467,-0.14541,0.00066,-0.11281,10
0.0,0.0,-0.05643,-0.03744,-0.10095,-0.09803,-0.11497,-0.1688,-0.08558,-0.21837,-0.08259,-0.16792,-0.10279,-0.22365,-0.09809,-0.17106,-0.08577,-0.13766,-0.0479,-0.17126,-0.064,-0.22889,-0.06313,-0.15588,-0.05177,-0.11587,-0.01175,-0.16733,-0.03014,-0.21908,-0.03341,-0.14575,-0.02402,-0.10337,0.02747,-0.15577,0.00261,-0.18923,-0.00464,-0.13958,0.00232,-0.10778,10
0.0,0.0,-0.05667,-0.03741,-0.10082,-0.09873,-0.114,-0.1698,-0.0864,-0.21993,-0.08278,-0.16817,-0.10337,-0.22443,-0.099,-0.17337,-0.08732,-0.14232,-0.04799,-0.17157,-0.06466,-0.23012,-0.06338,-0.15775,-0.05238,-0.12016,-0.01192,-0.16756,-0.03056,-0.2202,-0.03374,-0.14643,-0.02492,-0.10492,0.02715,-0.15601,0.00281,-0.18987,-0.00447,-0.14056,0.00206,-0.10962,10
0.0,0.0,-0.0558,-0.0372,-0.10055,-0.09731,-0.11638,-0.16827,-0.0874,-0.21823,-0.08291,-0.16651,-0.10265,-0.22455,-0.09774,-0.17924,-0.08681,-0.1466,-0.04822,-0.17068,-0.06438,-0.23048,-0.06236,-0.16233,-0.05301,-0.12056,-0.01211,-0.16748,-0.03031,-0.22127,-0.03273,-0.15077,-0.02534,-0.10511,0.02685,-0.15643,0.00423,-0.19051,-0.00286,-0.14342,0.00173,-0.10925,10
0.0,0.0,-0.05652,-0.03846,-0.10109,-0.09785,-0.11696,-0.16863,-0.08825,-0.21837,-0.08337,-0.16757,-0.10243,-0.22432,-0.09754,-0.17759,-0.08685,-0.14435,-0.04864,-0.17165,-0.06417,-0.2306,-0.06256,-0.16227,-0.05322,-0.12081,-0.01247,-0.16816,-0.02975,-0.22111,-0.03261,-0.15124,-0.02541,-0.10644,0.02658,-0.15644,0.00452,-0.19089,-0.00258,-0.14402,0.00218,-0.11069,10
0.0,0.0,-0.05711,-0.03846,-0.10131,-0.09839,-0.11507,-0.16943,-0.08778,-0.22125,-0.08143,-0.17107,-0.10097,-0.22429,-0.09791,-0.17737,-0.08722,-0.14555,-0.04743,-0.17398,-0.06237,-0.23047,-0.06265,-0.16228,-0.05333,-0.12348,-0.01202,-0.1691,-0.02879,-0.22044,-0.03364,-0.15091,-0.02662,-0.10883,0.02633,-0.1563,0.00358,-0.19035,-0.00501,-0.14267,-0.00048,-0.11,10
0.0,0.0,-0.05536,-0.03466,-0.10076,-0.09687,-0.11465,-0.169,-0.08348,-0.2153,-0.08248,-0.16811,-0.10322,-0.22397,-0.0982,-0.17468,-0.0859,-0.14438,-0.04727,-0.17238,-0.06405,-0.22823,-0.06262,-0.15815,-0.05195,-0.12209,-0.01099,-0.16792,-0.02945,-0.21829,-0.03259,-0.14674,-0.02446,-0.10775,0.02807,-0.15524,0.00435,-0.1863,-0.00341,-0.13756,0.002,-0.10788,10
0.0,0.0,-0.05504,-0.03436,-0.10134,-0.09517,-0.11607,-0.16785,-0.08504,-0.21601,-0.08216,-0.1678,-0.10107,-0.225,-0.09667,-0.17493,-0.08574,-0.14284,-0.0468,-0.17167,-0.06208,-0.22843,-0.06123,-0.15874,-0.05169,-0.12069,-0.01083,-0.16751,-0.02792,-0.21835,-0.03166,-0.14775,-0.02462,-0.10638,0.02751,-0.15532,0.00521,-0.18807,-0.00315,-0.13992,0.001,-0.10806,10
0.0,0.0,-0.05632,-0.03715,-0.10053,-0.09806,-0.1138,-0.1692,-0.08502,-0.21712,-0.08117,-0.17115,-0.0986,-0.22653,-0.09565,-0.17674,-0.08605,-0.14287,-0.04572,-0.17332,-0.05963,-0.22919,-0.06014,-0.15905,-0.05082,-0.11904,-0.00944,-0.16757,-0.02447,-0.21781,-0.02999,-0.1467,-0.02355,-0.10383,0.02909,-0.1533,0.00821,-0.1865,-0.00127,-0.1381,0.00215,-0.10569,10
0.0,0.0,-0.05596,-0.03701,-0.10089,-0.09659,-0.11479,-0.16821,-0.08513,-0.21701,-0.08088,-0.1711,-0.09802,-0.2273,-0.09474,-0.17742,-0.08533,-0.14237,-0.04529,-0.17345,-0.05815,-0.22923,-0.05863,-0.15942,-0.05044,-0.1181,-0.00929,-0.16779,-0.02342,-0.21746,-0.02869,-0.14702,-0.02306,-0.10329,0.02866,-0.15356,0.00871,-0.18712,-0.00077,-0.13996,0.00169,-0.10726,10
0.0,0.0,-0.05759,-0.03729,-0.10314,-0.09818,-0.11702,-0.17156,-0.08853,-0.22261,-0.08376,-0.16678,-0.10572,-0.22383,-0.10037,-0.17913,-0.08756,-0.14895,-0.04936,-0.17143,-0.06607,-0.23187,-0.064,-0.1619,-0.05349,-0.12105,-0.01363,-0.16855,-0.03238,-0.22168,-0.03459,-0.14893,-0.02612,-0.10434,0.02544,-0.15777,0.00193,-0.19263,-0.00542,-0.14388,-0.00013,-0.11022,10
0.0,0.0,-0.05804,-0.0394,-0.10285,-0.09902,-0.11763,-0.17197,-0.08766,-0.22238,-0.08322,-0.16994,-0.10248,-0.22648,-0.0972,-0.17586,-0.08576,-0.14385,-0.04854,-0.17338,-0.06348,-0.23152,-0.06241,-0.16082,-0.05253,-0.12171,-0.0128,-0.16958,-0.0294,-0.22022,-0.03338,-0.14903,-0.02552,-0.10655,0.0263,-0.15808,0.00314,-0.19112,-0.00552,-0.14279,-0.00049,-0.1104,10
0.0,0.0,-0.05536,-0.03662,-0.10039,-0.09746,-0.11533,-0.1695,-0.08492,-0.21817,-0.08201,-0.16807,-0.10046,-0.22619,-0.09602,-0.1773,-0.08498,-0.14493,-0.04638,-0.17059,-0.05979,-0.22939,-0.05899,-0.15862,-0.04943,-0.11868,-0.01006,-0.16543,-0.02482,-0.21643,-0.02923,-0.14535,-0.02253,-0.10284,0.02854,-0.15255,0.00793,-0.18653,-0.0011,-0.13863,0.00247,-0.10636,10
0.0,0.0,-0.0555,-0.0364,-0.10045,-0.09538,-0.11461,-0.16604,-0.08711,-0.21793,-0.08402,-0.16781,-0.10597,-0.22465,-0.10034,-0.17335,-0.08812,-0.14219,-0.0492,-0.17261,-0.06777,-0.23056,-0.06494,-0.15874,-0.05368,-0.12188,-0.01271,-0.16904,-0.03296,-0.2199,-0.03442,-0.14558,-0.02521,-0.10493,0.02703,-0.15727,0.00121,-0.18921,-0.00495,-0.13891,0.00204,-0.10799,10
0.0,0.0,-0.05653,-0.0363,-0.10199,-0.09607,-0.11574,-0.16797,-0.08802,-0.21972,-0.08458,-0.16819,-0.10573,-0.22448,-0.10104,-0.17498,-0.08943,-0.14442,-0.05007,-0.17305,-0.068,-0.23245,-0.06561,-0.16161,-0.05504,-0.12408,-0.01381,-0.17039,-0.03408,-0.22214,-0.03543,-0.14778,-0.0264,-0.10625,0.02579,-0.15956,-0.00022,-0.19221,-0.00602,-0.1421,0.00106,-0.11074,10
0.0,0.0,-0.0577,-0.03968,-0.10225,-0.09894,-0.11713,-0.17067,-0.08923,-0.22219,-0.08127,-0.17156,-0.10148,-0.22538,-0.09656,-0.17743,-0.08499,-0.14456,-0.04705,-0.17525,-0.06336,-0.23197,-0.06211,-0.16281,-0.05208,-0.12209,-0.01148,-0.17161,-0.0295,-0.22299,-0.0328,-0.15253,-0.02483,-0.10834,0.02717,-0.15977,0.00337,-0.19448,-0.00428,-0.14672,0.00095,-0.11289,10
0.0,0.0,-0.05628,-0.03872,-0.0998,-0.09895,-0.1138,-0.16916,-0.08475,-0.21933,-0.08037,-0.17002,-0.10181,-0.22488,-0.09737,-0.17491,-0.08545,-0.144,-0.04587,-0.17331,-0.06314,-0.23059,-0.06273,-0.15989,-0.05219,-0.12177,-0.01006,-0.16834,-0.02886,-0.21923,-0.03283,-0.14695,-0.02428,-0.10592,0.02895,-0.15533,0.00456,-0.18924,-0.0037,-0.14046,0.00191,-0.10868,10
0.0,0.0,-0.05531,-0.03509,-0.10107,-0.09352,-0.11633,-0.16614,-0.08634,-0.21593,-0.08342,-0.16556,-0.1053,-0.22432,-0.0997,-0.17986,-0.08767,-0.14736,-0.04855,-0.1704,-0.06598,-0.22919,-0.06347,-0.16052,-0.05319,-0.11893,-0.01236,-0.16708,-0.0314,-0.21938,-0.03352,-0.14796,-0.02548,-0.10272,0.02669,-0.15544,0.00311,-0.18896,-0.00452,-0.14035,0.00021,-0.10561,10
0.0,0.0,-0.05619,-0.03728,-0.10145,-0.09595,-0.1178,-0.16786,-0.08882,-0.21852,-0.08352,-0.16778,-0.10483,-0.22649,-0.09957,-0.178,-0.08808,-0.14645,-0.04937,-0.1726,-0.0677,-0.23107,-0.06518,-0.16202,-0.0548,-0.12402,-0.01368,-0.17001,-0.03321,-0.22315,-0.03548,-0.15095,-0.02736,-0.10738,0.02513,-0.15942,0.00104,-0.19349,-0.00662,-0.14394,-0.00183,-0.10942,10
0.0,0.0,-0.05772,-0.0396,-0.10252,-0.10039,-0.11676,-0.17196,-0.08727,-0.22108,-0.08353,-0.17007,-0.10513,-0.22722,-0.10084,-0.17779,-0.08893,-0.14704,-0.04896,-0.17438,-0.06738,-0.23266,-0.0656,-0.16295,-0.05413,-0.12588,-0.01298,-0.17142,-0.0332,-0.22388,-0.03583,-0.15211,-0.02643,-0.11052,0.02614,-0.16068,0.00043,-0.19302,-0.00683,-0.14415,-0.0,-0.11262,10
0.0,0.0,-0.0574,-0.04038,-0.1019,-0.10128,-0.11616,-0.1725,-0.08702,-0.22161,-0.08258,-0.1713,-0.10292,-0.22827,-0.0986,-0.17956,-0.08716,-0.14735,-0.04737,-0.17493,-0.06337,-0.23253,-0.06213,-0.16229,-0.0516,-0.12308,-0.01119,-0.17101,-0.02935,-0.22132,-0.03276,-0.15056,-0.02436,-0.10853,0.02766,-0.15909,0.00368,-0.18975,-0.00429,-0.14158,0.00142,-0.11054,10
0.0,0.0,-0.05838,-0.0398,-0.10313,-0.10116,-0.11702,-0.1737,-0.08794,-0.22173,-0.08156,-0.17151,-0.09867,-0.22832,-0.0963,-0.17935,-0.08642,-0.14636,-0.04643,-0.173,-0.05792,-0.23144,-0.05919,-0.16007,-0.05079,-0.12038,-0.01074,-0.16793,-0.02424,-0.2188,-0.03033,-0.14727,-0.02426,-0.10517,0.02741,-0.15528,0.00774,-0.19084,-0.00242,-0.14378,0.00054,-0.11269,10
0.0,0.0,-0.05634,-0.03919,-0.09938,-0.10035,-0.1122,-0.16963,-0.08193,-0.21542,-0.07888,-0.17118,-0.0999,-0.22469,-0.09559,-0.17651,-0.08347,-0.14437,-0.04416,-0.17364,-0.06046,-0.22932,-0.05944,-0.1589,-0.04868,-0.11988,-0.00816,-0.16838,-0.02681,-0.21755,-0.02995,-0.14629,-0.02104,-0.10565,0.03054,-0.1551,0.00638,-0.18609,-0.00126,-0.13823,0.00512,-0.10873,10
0.0,0.0,-0.05717,-0.03841,-0.10097,-0.09661,-0.11299,-0.16716,-0.08207,-0.21427,-0.08037,-0.16569,-0.10157,-0.22033,-0.09852,-0.17735,-0.0868,-0.14653,-0.04581,-0.16942,-0.06173,-0.22632,-0.06152,-0.15767,-0.05113,-0.11736,-0.01013,-0.16497,-0.02861,-0.21562,-0.03229,-0.14537,-0.02388,-0.10322,0.0286,-0.15231,0.00535,-0.18426,-0.00255,-0.13739,0.00302,-0.10658,10
0.0,0.0,-0.05455,-0.03707,-0.09807,-0.09558,-0.11265,-0.16539,-0.08381,-0.21555,-0.07978,-0.16588,-0.09827,-0.22276,-0.0942,-0.17593,-0.08333,-0.14228,-0.0446,-0.16947,-0.05918,-0.22621,-0.05862,-0.15804,-0.04913,-0.11636,-0.00876,-0.16504,-0.02519,-0.21591,-0.02911,-0.14692,-0.02161,-0.10215,0.02938,-0.15282,0.00785,-0.18554,-0.00059,-0.13925,0.0037,-0.10579,10
0.0,0.0,-0.05512,-0.03705,-0.09867,-0.09518,-0.11217,-0.16521,-0.08346,-0.21529,-0.08009,-0.16518,-0.09864,-0.22237,-0.09488,-0.17658,-0.08407,-0.14306,-0.04489,-0.16887,-0.0591,-0.22613,-0.0588,-0.15804,-0.04961,-0.11605,-0.00905,-0.16449,-0.02541,-0.21556,-0.02941,-0.14632,-0.02212,-0.10139,0.0292,-0.15217,0.00792,-0.18509,-0.00066,-0.13874,0.00335,-0.10537,10
0.0,0.0,-0.05563,-0.03644,-0.09986,-0.09491,-0.11353,-0.16574,-0.08403,-0.21515,-0.08075,-0.16414,-0.10045,-0.22142,-0.09684,-0.17611,-0.08568,-0.14377,-0.04594,-0.16795,-0.06094,-0.22637,-0.06008,-0.15803,-0.05027,-0.11731,-0.01029,-0.1638,-0.02745,-0.21541,-0.03049,-0.14537,-0.02252,-0.10217,0.02793,-0.15182,0.00583,-0.18664,-0.00152,-0.1395,0.00367,-0.10703,10
0.0,0.0,-0.05557,-0.03682,-0.09978,-0.0948,-0.11457,-0.16525,-0.08561,-0.21468,-0.0818,-0.16524,-0.10107,-0.22277,-0.09696,-0.17519,-0.08597,-0.14226,-0.04702,-0.16902,-0.06186,-0.22748,-0.06112,-0.15877,-0.05154,-0.1184,-0.01134,-0.16489,-0.02822,-0.21618,-0.03158,-0.14625,-0.02391,-0.10315,0.02701,-0.15298,0.00496,-0.1881,-0.00269,-0.14058,0.00217,-0.10754,10
0.0,0.0,-0.05791,-0.03603,-0.10289,-0.09558,-0.11751,-0.16755,-0.09023,-0.21874,-0.08435,-0.16515,-0.10294,-0.22138,-0.09845,-0.17448,-0.08711,-0.14128,-0.04969,-0.16895,-0.06368,-0.22709,-0.06301,-0.15851,-0.05342,-0.11629,-0.01412,-0.16562,-0.03034,-0.21718,-0.03393,-0.1479,-0.02629,-0.10306,0.02435,-0.15485,0.00237,-0.18856,-0.00523,-0.14224,-0.00015,-0.10919,10
